user_id,name,email,secret,gender,dob,profession
1,Abra Valerius,avalerius0@jalbum.net,EkuICAv,Female,2002-06-17,Staff
2,Jody Elstob,jelstob1@webeden.co.uk,1pHfsdkCKYlc,Female,2001-12-20,Professor
3,Domeniga Semerad,dsemerad2@squidoo.com,vt9WDFaxwz,Female,2002-06-24,Staff
4,Zabrina Taunton,ztaunton3@newyorker.com,p3fJbizfn,Female,1994-03-30,Staff
5,Merle Edgcombe,medgcombe4@clickbank.net,ek6eCsNqYxq,Male,1999-01-06,Staff
6,Haskel Lamburne,hlamburne5@redcross.org,u6qSYlU4Q6,Male,1989-04-23,Staff
7,Carleen Cossem,ccossem6@usnews.com,B8pddlZ2W,Female,2000-12-31,Staff
8,Darby Stocking,dstocking7@weather.com,QyVd2hBOhYVL,Female,1988-06-02,IT
9,Shawna Bode,sbode8@stumbleupon.com,G1iFR8nS3a,Female,1991-01-18,Staff
10,Johann Madders,jmadders9@businesswire.com,FUUlGA,Male,1980-11-30,Staff
11,Lindsay Le Teve,llea@a8.net,GBmmcwJ2w,Male,2007-05-18,Staff
12,Lloyd Stanhope,lstanhopeb@ow.ly,dw806N9bi,Male,1981-04-15,Staff
13,Elvera Torrent,etorrentc@sohu.com,zZOTneZ,Female,1987-10-01,Staff
14,Violante De Malchar,vded@addtoany.com,O38ait,Female,1981-02-02,Staff
15,Erwin Bezzant,ebezzante@examiner.com,PpNkynk,Agender,1999-04-16,Faculty
16,Freeman Elbourn,felbournf@skype.com,JBbQQzXoylIJ,Male,2001-01-22,Student
17,Isabelita Hyder,ihyderg@wp.com,0AIRYQC3OC,Female,1982-05-05,Staff
18,Artemis Knibb,aknibbh@godaddy.com,RnUDZriOwYzs,Male,2006-02-21,IT
19,Ivar Logsdail,ilogsdaili@ebay.co.uk,KwtoUY65DCby,Male,1984-03-31,Faculty
20,Kristen Hacquoil,khacquoilj@tuttocitta.it,hyX2p4B8TQd,Female,2006-03-01,IT
21,Mikel Fifoot,mfifootk@youku.com,jBXHgrD1,Male,1994-02-26,Staff
22,Cecil Rubinsky,crubinskyl@gnu.org,KgEaXtdA7QpS,Male,2004-04-03,Staff
23,Vick Blouet,vblouetm@webmd.com,TzrIHui0XXVX,Male,2000-07-05,Staff
24,Scarlett Wildbore,swildboren@qq.com,h9b9viKLrN,Female,1986-10-04,Staff
25,Ajay Lamden,alamdeno@cargocollective.com,cAEdnpOLHG,Female,1993-08-08,Staff
26,Cathleen Porch,cporchp@ustream.tv,8lNWzqwa,Female,2008-03-10,IT
27,Em MacEnelly,emacenellyq@simplemachines.org,toJEBI7r3P,Male,2000-06-15,Staff
28,Lexi Studdeard,lstuddeardr@ifeng.com,mHqxaOEm7Wej,Female,2007-10-10,Staff
29,Franni Bister,fbisters@printfriendly.com,hPNrDIOuU,Female,1998-05-15,Staff
30,Burgess Nattriss,bnattrisst@pbs.org,6zXk6kbQbS,Male,1993-12-23,Staff
31,Innis Farquharson,ifarquharsonu@slideshare.net,MYjlXrxAw,Male,1988-10-05,IT
32,Francklin Grove,fgrovev@whitehouse.gov,ijgfWesKFkkO,Male,1992-08-18,IT
33,Teressa Bentke,tbentkew@imageshack.us,Iv7TDQ,Female,1996-10-02,Staff
34,Jens Parnaby,jparnabyx@spiegel.de,wMd6TihdG1,Male,1996-01-30,Staff
35,Tabor McPeck,tmcpecky@acquirethisname.com,KVRkm5,Male,2007-07-26,Staff
36,Jonah Joppich,jjoppichz@microsoft.com,NElKcgLF,Male,1985-12-18,Staff
37,Cozmo Wenban,cwenban10@github.io,4R3SigRN,Male,1991-12-03,Staff
38,Pierette Leijs,pleijs11@indiegogo.com,QqpLhDbwIb,Female,1984-10-22,Staff
39,Domingo Malbon,dmalbon12@sciencedaily.com,Wy9odjZ2tUm,Male,1981-11-30,Staff
40,Seline Moloney,smoloney13@house.gov,TsHKyWrDkqZK,Female,2000-04-16,Staff
41,Ynez Trott,ytrott14@archive.org,WEO9YRa2Lk8T,Female,2003-07-25,Staff
42,Chrotoem McCarrison,cmccarrison15@hc360.com,989ViY,Male,2000-03-02,Staff
43,Pierrette Reaper,preaper16@diigo.com,ygiD0cW2,Female,1990-10-02,Staff
44,Richy Tinston,rtinston17@ed.gov,veIBy32BK4,Male,2005-08-25,Staff
45,Jerald Vollam,jvollam18@123-reg.co.uk,SVKAfv,Male,1997-12-04,IT
46,Edlin Wagstaff,ewagstaff19@prnewswire.com,tRqnVcr,Male,2008-12-29,Staff
47,Roderich Winkett,rwinkett1a@mediafire.com,agBN9v,Male,1987-07-11,Faculty
48,Ethyl Mauchline,emauchline1b@theatlantic.com,lZiLFUwGD,Female,1993-02-05,IT
49,Lesya Torrent,ltorrent1c@weibo.com,VWHiuG8QS,Female,1987-02-24,Staff
50,Gilles Annable,gannable1d@devhub.com,vORXVvL,Male,2005-04-14,Staff
51,Emmalyn MacFall,emacfall1e@wikispaces.com,kkZ7xWy1O8J,Female,2003-11-08,Staff
52,Del Cantwell,dcantwell1f@digg.com,NrxoPRPcZpY,Male,1987-05-03,Staff
53,Emyle Murrells,emurrells1g@barnesandnoble.com,XNNzbWhC,Female,2005-08-04,Faculty
54,Parnell Orwin,porwin1h@hibu.com,Cz4rqjzZxEir,Male,1997-05-02,IT
55,Cassaundra Patemore,cpatemore1i@cbc.ca,xImgT168v,Female,1986-05-10,Staff
56,Keane Shevell,kshevell1j@unc.edu,qzBhsgbdt,Male,1989-08-01,Professor
57,Luca Gatward,lgatward1k@skyrock.com,xTal4B,Male,1989-12-17,IT
58,Izabel Bulfit,ibulfit1l@yellowpages.com,wqgPih6Nvj,Female,2008-04-08,Staff
59,Annie Creggan,acreggan1m@loc.gov,QXoCVTFQ,Female,2006-04-05,Professor
60,Perice Hoodspeth,phoodspeth1n@dagondesign.com,TdI6F5Q,Male,1995-09-09,Staff
61,Shayne Curman,scurman1o@issuu.com,VfSseJ9KvI6,Male,2007-05-20,Staff
62,Antony Pantone,apantone1p@loc.gov,IIJC8mB,Male,1980-09-30,Faculty
63,Henri Ayer,hayer1q@businessinsider.com,miUeJsVXUe,Male,2003-04-17,Faculty
64,Isacco Folks,ifolks1r@tmall.com,sBcLA3gXy,Male,1987-04-05,IT
65,Desmond Sweed,dsweed1s@elegantthemes.com,NM38EMNxD,Male,1996-10-04,Student
66,Patin Sawl,psawl1t@phoca.cz,Lxl3te,Male,1996-04-26,IT
67,Robenia Pritchard,rpritchard1u@ftc.gov,aEEaQu,Female,1988-08-23,Staff
68,Otha Olin,oolin1v@cpanel.net,XpbV5RX9o2,Female,1993-10-01,Faculty
69,Lars Patise,lpatise1w@purevolume.com,qHiGRQXpRpz,Male,2008-02-08,Staff
70,Brandtr Arias,barias1x@canalblog.com,mlQigZ0ZT2VB,Male,1981-05-25,Staff
71,Gayle Salack,gsalack1y@cocolog-nifty.com,8XWGhtT2z,Male,1981-04-01,Staff
72,Averill Faulks,afaulks1z@army.mil,E9FqoKq,Male,2001-10-25,IT
73,Delmore Joslyn,djoslyn20@newyorker.com,aSlXvQhtrMXC,Male,1983-02-28,IT
74,Tammie Minucci,tminucci21@cmu.edu,pbiQOe,Female,1989-06-25,Staff
75,Purcell Foye,pfoye22@blog.com,Nmetbj,Male,2005-04-22,Staff
76,Veronica Elnough,velnough23@a8.net,7gb8uvjm,Female,1986-11-25,IT
77,Archibaldo Beamand,abeamand24@clickbank.net,1hDTJbHs,Male,1993-05-09,IT
78,Kimbra Primarolo,kprimarolo25@godaddy.com,OVdOnAjZXh,Female,1998-04-23,IT
79,Emelina Iffe,eiffe26@youku.com,xP854N6kiITn,Female,2008-03-26,Staff
80,Mischa Cowpe,mcowpe27@newsvine.com,XQ9snTmUskcR,Male,1997-08-13,Staff
81,Gilbertine Habeshaw,ghabeshaw28@opensource.org,jQt8VvUvf8S,Female,1998-10-12,IT
82,Karl Hammelberg,khammelberg29@sina.com.cn,c8EF3CzDT,Male,1982-12-19,Staff
83,Dulci Mellor,dmellor2a@craigslist.org,jK6XxOe7,Female,2008-08-16,Staff
84,Aggi Coners,aconers2b@biglobe.ne.jp,qhWTpCQQh6,Female,1990-06-10,Professor
85,Vic Gerssam,vgerssam2c@weebly.com,QxzqRPr,Male,1985-09-19,Staff
86,Lindie Dumphry,ldumphry2d@opensource.org,sr7pL2Rv6Dvl,Female,1989-01-15,Staff
87,Gerrie Slocombe,gslocombe2e@si.edu,5zIlBfrs,Male,1994-07-31,Staff
88,Bat Biggans,bbiggans2f@epa.gov,JdHTWSqg,Male,1993-12-21,Staff
89,Dene Dowdle,ddowdle2g@squidoo.com,MC1nEONVLU,Male,2009-02-20,Staff
90,Salli McShee,smcshee2h@disqus.com,uXztPD9Jq,Female,1999-06-13,IT
91,Wainwright Gierhard,wgierhard2i@walmart.com,wSY9cf9,Male,1986-10-21,Staff
92,Edouard Lardiner,elardiner2j@hatena.ne.jp,PlQPmuOjI9QG,Male,1994-07-06,Staff
93,Zaccaria Lambarth,zlambarth2k@cafepress.com,ueEU5Hgw,Male,2001-04-08,IT
94,Corrianne Langrick,clangrick2l@businessinsider.com,iLV8K1,Female,2003-04-03,Professor
95,Janeta De Francesco,jde2m@yellowbook.com,UCpBzHxH,Female,1994-05-05,IT
96,Robb Bellow,rbellow2n@tinypic.com,R7QOLlxSI,Male,1982-06-23,Staff
97,Zia Heighway,zheighway2o@issuu.com,O108p5aY,Female,2003-11-17,IT
98,Helen-elizabeth Cowdroy,hcowdroy2p@hubpages.com,dyBlB7d4NbwK,Agender,1992-01-18,Professor
99,Haleigh Vlach,hvlach2q@marriott.com,KOBUNPaHjCy,Male,2009-05-25,IT
100,Judith Pinnegar,jpinnegar2r@about.me,arsFzaqRBFwO,Female,2009-04-09,Staff
101,Nixie Bricksey,nbricksey2s@issuu.com,DScOE4dn,Female,1992-11-21,Staff
102,Bethina Maynell,bmaynell2t@theglobeandmail.com,rs0iuHjzwS,Female,2007-11-09,Professor
103,Darb Kull,dkull2u@tinypic.com,658HghA,Male,1988-10-05,Faculty
104,Read Bickardike,rbickardike2v@howstuffworks.com,JBUMQuQ9rjte,Male,1997-10-29,Staff
105,Jeanette MacKee,jmackee2w@zimbio.com,jpYTYFKTn,Female,1990-09-10,Professor
106,Lisette Winchester,lwinchester2x@github.com,GpbqT3UWk,Female,2008-04-26,Staff
107,Tessie Maseres,tmaseres2y@nymag.com,a3vFF93IspG,Female,1980-11-17,IT
108,Roby Randlesome,rrandlesome2z@technorati.com,3NnX3hQy,Female,1999-06-17,Staff
109,Maurizio Lobell,mlobell30@npr.org,jskWk3yS3,Male,1989-02-26,Professor
110,Godiva Castellini,gcastellini31@ucla.edu,HOgpyuO,Female,1982-06-17,Professor
111,Vikki Bradder,vbradder32@vistaprint.com,Rb2DDA5XIF,Female,1995-02-19,Staff
112,Griff Pilmoor,gpilmoor33@geocities.com,NnCEkX37fI35,Male,1989-06-25,Professor
113,Dilly Tamburo,dtamburo34@answers.com,cw1caSZYQMTQ,Genderfluid,1984-07-24,Faculty
114,Jodi Denziloe,jdenziloe35@wunderground.com,X4m0JmZ2O,Bigender,2003-07-23,Staff
115,Ariel Sketch,asketch36@alibaba.com,Mq1SCG7AScq,Male,2002-03-07,Staff
116,Lemuel Onslow,lonslow37@tinyurl.com,NUaxY9II7Sg,Male,1993-04-10,IT
117,Saleem Lafaye,slafaye38@dion.ne.jp,MNonYF,Male,1980-10-05,Faculty
118,Selby Nickolls,snickolls39@ning.com,SgCGdeZX,Male,1982-09-12,Staff
119,Vince Barwell,vbarwell3a@usatoday.com,ldLHWKj,Male,2009-08-26,Staff
120,Isa Benedyktowicz,ibenedyktowicz3b@over-blog.com,iZz7nJ,Male,2008-05-13,Staff
121,Emlen Cheley,echeley3c@moonfruit.com,QL5tIWKZVtHt,Male,1998-04-10,IT
122,Ransom McRuvie,rmcruvie3d@cnbc.com,JjRTSOzQ,Male,1992-10-26,Staff
123,Carlin Elmar,celmar3e@yellowpages.com,wBwt1YoT,Genderfluid,1991-05-01,Staff
124,Beilul Spink,bspink3f@intel.com,sAmL6LgQc,Female,2002-08-03,Staff
125,Roy Davie,rdavie3g@wsj.com,1fPtBEzL,Male,1983-08-16,Staff
126,Retha d'Arcy,rdarcy3h@ehow.com,0B2bDir,Bigender,1990-03-30,Staff
127,Norene Hallewell,nhallewell3i@economist.com,g8ctMVp11w,Female,2002-07-23,Faculty
128,Adena Sterrie,asterrie3j@nps.gov,Gtcstwjc7,Female,2005-08-24,Staff
129,Kass Grinval,kgrinval3k@taobao.com,y4nxtNoj,Female,1982-07-26,Staff
130,Bartholemy Roads,broads3l@blogspot.com,Q4dwaUUQOHad,Male,1983-08-07,Professor
131,Jervis Hollyland,jhollyland3m@jigsy.com,IAhDyai,Male,1993-12-19,IT
132,Talbot Aleksankin,taleksankin3n@stanford.edu,NoWyUPTlq0q,Male,1998-05-19,Staff
133,Leontine Dearing,ldearing3o@comsenz.com,IFgY6idLR9io,Female,1981-12-21,Staff
134,Levi Domico,ldomico3p@nbcnews.com,aaHWT6Iaa,Male,1988-04-06,IT
135,Ivy Breadon,ibreadon3q@intel.com,zBMjFCHVMWg,Female,1983-08-19,Faculty
136,Pierce Haffenden,phaffenden3r@berkeley.edu,dndx9u,Male,1985-05-01,Staff
137,Andreas Ives,aives3s@zdnet.com,vEYNloY,Male,1989-04-06,Professor
138,Cher Symon,csymon3t@xrea.com,XGAUaAE81tR,Non-binary,1982-01-31,Staff
139,Abner Crampsey,acrampsey3u@sitemeter.com,mJiYmmfk,Male,1983-04-25,IT
140,Collie Simyson,csimyson3v@sun.com,OjFAgZZgT,Female,1997-11-25,Student
141,Johna Sanbroke,jsanbroke3w@usa.gov,tr7VpSMS,Female,1991-08-07,Staff
142,Lukas Sands,lsands3x@constantcontact.com,N8HpMht,Male,2009-03-30,Faculty
143,Anastassia Glison,aglison3y@zdnet.com,FntbqA6yuhm,Female,1981-02-27,IT
144,Virgie Burn,vburn3z@macromedia.com,hLe8iNHDwH,Male,1993-10-26,IT
145,Dela Fandrey,dfandrey40@vk.com,IWUf4xE6,Female,1984-03-21,IT
146,Malia Cole,mcole41@hugedomains.com,Mx7Xm0mp8,Female,2006-12-31,IT
147,Robby Abrahams,rabrahams42@state.tx.us,qtDu0wCs6FQn,Male,1999-04-25,Staff
148,Matias Orys,morys43@japanpost.jp,snuImgJUR,Male,1998-06-12,Faculty
149,Inness Nary,inary44@networksolutions.com,Lym38ex,Male,2001-08-03,Faculty
150,Kean Morais,kmorais45@soup.io,Nj2j1iLIOTY,Male,1992-11-08,Professor
151,Neille Geipel,ngeipel46@ning.com,9xrpJb70,Female,1981-09-22,IT
152,Mina Costar,mcostar47@bluehost.com,PkfqCkVN7UO,Female,1995-11-12,Staff
153,Eolanda Whetland,ewhetland48@noaa.gov,I35HWmrq,Female,2008-11-22,Staff
154,Lu Mankor,lmankor49@behance.net,UDVRb6GnuhnU,Female,1984-12-15,Staff
155,Irma Assandri,iassandri4a@mozilla.org,HmaFdzPv,Female,1980-05-27,Professor
156,Gaby Eskriett,geskriett4b@pinterest.com,hzB6dmtPDl56,Male,1991-06-29,Staff
157,Coletta Maunders,cmaunders4c@google.nl,6z2hEi9t,Female,2006-04-22,Staff
158,Bonnie Giannazzi,bgiannazzi4d@geocities.com,xKjMyjd6H22s,Female,1980-06-21,Staff
159,Olin Vasyatkin,ovasyatkin4e@nature.com,7rbuJsYm,Male,1984-11-20,Student
160,Timmy Corbert,tcorbert4f@sbwire.com,toSHnVlb39T,Male,2007-10-16,IT
161,Belita Goggin,bgoggin4g@zdnet.com,n5MZB22J,Female,2009-03-02,Faculty
162,Charmion Holley,cholley4h@theguardian.com,YfxmKS,Female,1997-04-10,Professor
163,Muhammad Brunel,mbrunel4i@phoca.cz,T1wFWcrpY,Male,1983-02-09,Staff
164,Saree Inger,singer4j@springer.com,ICC6tJp,Female,2005-07-01,Staff
165,Obadias Vanichev,ovanichev4k@ihg.com,WhfpySmxbVu,Male,1993-09-17,Professor
166,Newton Strode,nstrode4l@wp.com,UTXfrmEImvU0,Male,1984-03-06,Staff
167,Billy Melbourn,bmelbourn4m@mac.com,UcwTuuwNBrl,Female,1980-06-10,Staff
168,Merrick Burwell,mburwell4n@geocities.jp,m6PcgZgW,Male,2007-10-30,Staff
169,Arel Gagg,agagg4o@vistaprint.com,k0vdHSV1,Male,1999-12-18,Staff
170,Deanne Amber,damber4p@multiply.com,w3CttV7,Female,1985-01-17,IT
171,Terrance Kolakowski,tkolakowski4q@google.it,c1G7fToVmI9P,Male,1987-08-11,Staff
172,Melvin Urry,murry4r@mtv.com,o7qFmxHT6Rv,Male,1997-05-31,IT
173,Bryant Crampton,bcrampton4s@boston.com,DtcsK74,Genderfluid,2008-03-22,Staff
174,Reggie Di Antonio,rdi4t@huffingtonpost.com,juIOOisB,Male,2006-02-19,Staff
175,Kayley Turbill,kturbill4u@xinhuanet.com,oB4iMSbzAz,Female,1992-01-07,Staff
176,Conni Smaling,csmaling4v@360.cn,WkGyY2FI607,Female,2007-05-04,Staff
177,Andre Grishkov,agrishkov4w@homestead.com,oRIrwlHal17h,Male,2000-10-20,IT
178,Malcolm Onele,monele4x@mail.ru,iCPxkazhdo,Male,1997-08-09,Professor
179,Cecilius Warsap,cwarsap4y@indiegogo.com,jylAaSshBe,Male,2002-08-31,Staff
180,Lazar Pickerell,lpickerell4z@discuz.net,dydV72dK4o,Male,1996-02-08,Staff
181,Coreen Waberer,cwaberer50@instagram.com,LZdxi8kTPOBh,Female,2001-04-19,IT
182,Chiarra Layfield,clayfield51@goo.gl,N9BXH1,Female,1981-02-14,Staff
183,Florella Graves,fgraves52@ezinearticles.com,4IWAySlfa3,Female,1989-03-16,Staff
184,Yorke Gerge,ygerge53@google.fr,4fjjJk4e4,Male,1984-10-23,Staff
185,Jaime Eilert,jeilert54@deviantart.com,qm0qUaxJ5S,Male,1997-02-09,Staff
186,Willem Dubery,wdubery55@scribd.com,JlBNcPaCHg,Male,1991-11-29,Faculty
187,Hildy Sopper,hsopper56@clickbank.net,Jb6osQ9,Female,1987-03-26,IT
188,Lilas Covolini,lcovolini57@latimes.com,GE2JUSmjIAl,Female,1981-06-01,Faculty
189,Jaye Ciraldo,jciraldo58@berkeley.edu,O0428w0k,Male,1993-06-30,Staff
190,Neil Le Maitre,nle59@abc.net.au,exIgnPg0rd,Bigender,2008-09-06,Staff
191,Marja Anderson,manderson5a@tripadvisor.com,vcV4iYAL0,Polygender,1992-02-11,Professor
192,Griff Kermode,gkermode5b@statcounter.com,c7Ak7ikU,Male,2000-11-12,Staff
193,Neille Santus,nsantus5c@omniture.com,DiZ5VtERA,Agender,2006-01-09,Staff
194,Stacee Coggings,scoggings5d@ucoz.com,leZH3Wja,Male,1991-12-25,Faculty
195,Anitra Gallifont,agallifont5e@myspace.com,DwgfiAyYKHrd,Female,2006-01-03,IT
196,Mickey Bemlott,mbemlott5f@gnu.org,ebUQYq,Male,1997-12-17,IT
197,Mozelle Wipper,mwipper5g@com.com,nGJc6J3,Female,1985-06-13,Staff
198,Curtis Morshead,cmorshead5h@deliciousdays.com,PPmFfCnfKx,Male,2003-04-06,Staff
199,Marcelia Jahnel,mjahnel5i@is.gd,HX4Xb0brsdhh,Female,1992-04-01,Staff
200,Joni Wathan,jwathan5j@statcounter.com,mYMRClVztz,Female,1999-10-03,Professor
201,Maegan Boggs,mboggs5k@psu.edu,cpIpTZ,Female,1997-04-24,IT
202,Whitby Boulder,wboulder5l@nps.gov,oykxD9XJZc,Genderqueer,1988-05-18,IT
203,Libbie Baton,lbaton5m@bbb.org,dEeJwnzW1,Female,2008-04-24,Staff
204,Woodie Rylatt,wrylatt5n@ucla.edu,heEIjyU1d,Male,1984-08-03,IT
205,Erda Waterson,ewaterson5o@myspace.com,OGsVvr2p,Female,1993-08-01,Staff
206,Cobb Hulk,chulk5p@ask.com,tPbWSAUQU,Male,1986-02-08,IT
207,Magda Yabsley,myabsley5q@blog.com,b5LO4oDk5,Genderqueer,2007-07-17,Staff
208,Suellen Rostron,srostron5r@usatoday.com,BJxcaLLzX,Female,1993-11-22,Staff
209,Savina McElvine,smcelvine5s@tiny.cc,WTVbY0rOW,Female,2004-08-02,Staff
210,Etienne Crennan,ecrennan5t@go.com,DmtlVQV4AOz,Male,1985-05-25,Staff
211,Aurthur Ogus,aogus5u@salon.com,zreFuHSaN,Male,1992-02-13,Professor
212,Tripp Gallamore,tgallamore5v@example.com,0iPBqyFU,Male,2001-06-07,Staff
213,Adrea Goard,agoard5w@economist.com,VhRaWxhG7,Female,2005-10-14,Staff
214,Iolande Kesby,ikesby5x@mayoclinic.com,dqz7kChLR,Female,1994-11-11,Staff
215,Marylin Pass,mpass5y@webs.com,VQqeBSS4F37,Female,1993-12-11,Staff
216,Ingelbert Sybe,isybe5z@wiley.com,VavItREbYC3,Male,1996-09-19,IT
217,Friederike Pankettman,fpankettman60@tamu.edu,P6pVfrdwaQ,Female,1991-01-12,Professor
218,Kissiah Sacase,ksacase61@nytimes.com,HU44ZBIx,Female,2006-04-15,IT
219,Roch Outram,routram62@shutterfly.com,JV83uw5VgmC,Female,1993-05-28,IT
220,Meir Arp,marp63@pbs.org,vFmZz7srZlzQ,Male,1993-09-27,Professor
221,Benedicto Agdahl,bagdahl64@noaa.gov,y1C3vs,Male,1997-06-27,Staff
222,Pauly Fache,pfache65@hhs.gov,Zl9hdtOrnVV,Male,1984-09-16,IT
223,Brandi Deignan,bdeignan66@meetup.com,A9D9OfXAP,Female,2005-12-01,Staff
224,Caye Guterson,cguterson67@163.com,PuKXfUu,Female,2001-07-28,Staff
225,El McDonnell,emcdonnell68@hostgator.com,JHuqXz8ZYyUO,Male,1996-10-24,Staff
226,Jacky Templar,jtemplar69@goo.gl,4ziiCJZ,Male,1995-08-19,Staff
227,Margo McAulay,mmcaulay6a@ebay.co.uk,7xsEKYh,Female,1982-12-20,Staff
228,Sadella O'Nowlan,sonowlan6b@walmart.com,lO7lxG2,Female,1992-07-12,IT
229,Karoly Apdell,kapdell6c@digg.com,8sJsi1,Female,2009-04-29,Student
230,Malinde Yurenin,myurenin6d@reuters.com,g4KsDXy,Female,1992-08-27,Staff
231,Byrom Neising,bneising6e@imageshack.us,IdhyC9j44Fv,Male,2000-05-21,Staff
232,Ronda Challenger,rchallenger6f@mysql.com,ng8KHWYKX,Female,1998-12-07,Staff
233,Tommi Sawers,tsawers6g@businesswire.com,EebXosPmZ1D,Female,1983-05-27,Staff
234,Marian Morrallee,mmorrallee6h@msn.com,dzsyM6KjM4,Female,2000-06-23,IT
235,Janina Ghelarducci,jghelarducci6i@mapy.cz,PJs3V0,Female,2002-10-07,Staff
236,Jervis Hould,jhould6j@google.cn,c2JnBeEum,Male,1983-12-08,Staff
237,Ramsey Jakoviljevic,rjakoviljevic6k@vistaprint.com,MxAKs4NWua,Male,1998-09-04,Staff
238,Feliks Scarratt,fscarratt6l@jiathis.com,TtZmlanM4M,Male,1999-02-07,Staff
239,Ollie Catto,ocatto6m@soundcloud.com,sHjMIdjIW,Male,1987-06-14,Staff
240,Luciano Kempson,lkempson6n@taobao.com,h7AgnG,Male,1990-12-21,Professor
241,Nadean Mines,nmines6o@webnode.com,gOHEtX6qZv,Female,1985-06-20,Staff
242,Alisander Jursch,ajursch6p@google.com.au,zlywbQ1,Male,1995-04-04,Staff
243,Gib Dahlback,gdahlback6q@bing.com,FfMmHV,Male,1981-11-26,Faculty
244,Consuela Roscamps,croscamps6r@cnet.com,8GTXl0rG,Female,2006-08-26,Staff
245,Cody Matteris,cmatteris6s@xinhuanet.com,oU1Gurd,Female,2004-02-23,Staff
246,Stefanie Flowerdew,sflowerdew6t@dropbox.com,uDPwYB3,Female,1983-08-13,Professor
247,Kristofor Fields,kfields6u@etsy.com,um1WmkoW5jD,Male,1992-08-17,Student
248,Layla Barriball,lbarriball6v@springer.com,Bgehaa,Female,1984-10-14,Student
249,Christel Ralston,cralston6w@w3.org,UfUMFO6,Female,1991-09-25,IT
250,Bartholomew Tegeller,btegeller6x@walmart.com,O6ViW8FT,Male,1987-11-23,Student
251,Wilburt Cokayne,wcokayne6y@marketwatch.com,vjOXCYR2,Male,1998-05-19,Professor
252,Berget Skippings,bskippings6z@friendfeed.com,fAlJicpY,Agender,1996-10-06,Faculty
253,Dulcinea Byrkmyr,dbyrkmyr70@timesonline.co.uk,qx11gwPhOPzO,Female,1981-12-25,Staff
254,Pooh Gricks,pgricks71@cocolog-nifty.com,210UYEbg2E,Male,2007-02-01,Professor
255,Marylou Scotting,mscotting72@reverbnation.com,L58z9tIuwmF,Female,1999-10-03,IT
256,Even Warman,ewarman73@hubpages.com,a3badOR,Male,2004-08-26,Staff
257,Eberhard Collyer,ecollyer74@twitpic.com,NsPXZTrh0,Male,1992-02-22,IT
258,Iggy Ambler,iambler75@constantcontact.com,Nh5k7UCc,Male,1999-10-05,Staff
259,Ariela Carbert,acarbert76@opera.com,em0lbCeb,Female,1981-07-06,Professor
260,Leonidas Schrir,lschrir77@i2i.jp,pYhhL4,Male,1986-08-18,Staff
261,Demott Cromar,dcromar78@narod.ru,VeflXK7,Male,2008-07-30,IT
262,Georas Abrahmer,gabrahmer79@posterous.com,zzkDdK1SWf3,Male,2002-12-21,IT
263,Michel Simcox,msimcox7a@delicious.com,OkALQnp,Female,1985-05-10,Staff
264,Bianka Guidi,bguidi7b@princeton.edu,mAqq9egqFzjw,Female,2004-03-24,Student
265,Homer Paulillo,hpaulillo7c@parallels.com,6KMtnl,Male,2009-05-04,Professor
266,Gisela Britney,gbritney7d@loc.gov,ZpvcT0t7WLi,Female,1985-06-15,Professor
267,Arch Sherringham,asherringham7e@unc.edu,913S3a5,Male,1997-03-10,Staff
268,Rosemonde Lipmann,rlipmann7f@arstechnica.com,YbGyOdy,Female,2005-06-22,IT
269,Latisha McQuirter,lmcquirter7g@weather.com,B7MWTguWGV,Female,2006-06-18,Faculty
270,Grady Tome,gtome7h@about.com,UafPNV,Male,2005-06-23,Staff
271,Ellyn Ireland,eireland7i@amazonaws.com,ioLty7Az,Female,1999-07-08,Professor
272,Sofie Rout,srout7j@photobucket.com,ACLWjPjmYhA,Female,1981-12-13,Staff
273,Melvyn Jenkins,mjenkins7k@blogspot.com,Wg8D3KY6,Male,1992-01-11,IT
274,Gipsy Checketts,gchecketts7l@xinhuanet.com,EPvd7aKBI1,Female,2009-08-30,Staff
275,Caye Keeting,ckeeting7m@issuu.com,K3TxwdD,Female,1991-01-21,Staff
276,Dal Vanyushin,dvanyushin7n@hostgator.com,hK2f0m8,Agender,1981-09-16,IT
277,Nigel Pinshon,npinshon7o@google.it,PQMLHUWDkb6,Male,1997-10-23,Staff
278,Ailyn Johns,ajohns7p@spiegel.de,YSFn0laB4XQ,Female,1988-07-15,Staff
279,Kiley Comberbach,kcomberbach7q@miitbeian.gov.cn,eXLIn9NbeESH,Male,1985-12-20,Staff
280,Alexandre Yakunchikov,ayakunchikov7r@instagram.com,gzzQuLp22,Male,2002-07-28,Staff
281,Bessie Pettigrew,bpettigrew7s@typepad.com,lscJjeZvknl,Female,1985-11-04,IT
282,Maurits Damsell,mdamsell7t@myspace.com,gvhxu5S45qg,Male,1984-09-24,Faculty
283,Darrelle Bexon,dbexon7u@cnet.com,5sjcYRTaZrR,Genderfluid,1993-04-07,IT
284,Roana Pes,rpes7v@uiuc.edu,wvxFXfrQMv,Female,2006-02-03,Professor
285,Rhianna Farthin,rfarthin7w@ucla.edu,sLIWhNz94,Female,1998-06-06,Faculty
286,Johan Godspede,jgodspede7x@mail.ru,Vi2MbMR1,Male,2008-11-07,Professor
287,Bren Mottley,bmottley7y@stanford.edu,qYCELe5Q,Female,1995-07-12,Staff
288,Teodor Billison,tbillison7z@netvibes.com,hVDSb1F,Bigender,2009-05-28,Professor
289,Wit Pichmann,wpichmann80@nydailynews.com,jlFkPF9,Male,2004-05-05,Staff
290,Alister Locock,alocock81@stumbleupon.com,RfUxU1Qv0OID,Male,1987-08-29,IT
291,Julienne Staig,jstaig82@cbsnews.com,bHQ1uEHkhs,Female,2002-09-21,Staff
292,Milena Robertet,mrobertet83@printfriendly.com,AHupZVRqBpC9,Female,1987-10-10,IT
293,Sayres Lawday,slawday84@admin.ch,096NUF,Male,1989-03-01,Staff
294,Tatum Korneichuk,tkorneichuk85@bloomberg.com,rKduSq,Agender,1998-06-18,IT
295,Alicea Abramski,aabramski86@miitbeian.gov.cn,JI29011HC,Non-binary,2006-11-01,Professor
296,Beth Prandy,bprandy87@storify.com,pcOCPRU,Female,1995-12-10,Faculty
297,Charis Harcase,charcase88@com.com,8OFxLe6VLl,Agender,1999-12-20,Student
298,Prent Rintoul,printoul89@cdc.gov,oZaELlRcs23t,Male,1981-09-11,Staff
299,Robinetta Janecki,rjanecki8a@trellian.com,X7Vrdf7j,Female,2009-06-01,IT
300,Jilli Kubiczek,jkubiczek8b@mayoclinic.com,rEz2Sl118Cbs,Female,1983-02-12,Staff
301,Christa Aiskovitch,caiskovitch8c@techcrunch.com,N8q5afMMM,Female,2005-10-13,Student
302,Ruthann Blumer,rblumer8d@ihg.com,B9Z37w2,Female,2006-10-09,IT
303,Regine McGinnis,rmcginnis8e@ted.com,zAx560JbFP2A,Female,1993-04-25,Staff
304,Gretel Kasman,gkasman8f@amazon.de,6d6Z2SI,Female,1994-06-18,Professor
305,Paton Allan,pallan8g@unblog.fr,wCfw9Se,Male,2006-03-20,Staff
306,Kayley Vautre,kvautre8h@taobao.com,x2j1Mju,Female,2010-02-02,Student
307,Amos Bealton,abealton8i@senate.gov,8gx4WKT70o60,Male,2003-05-08,IT
308,Murdock Bontein,mbontein8j@scribd.com,SWrvDvE,Male,2007-01-22,Student
309,Nickie Kitman,nkitman8k@wiley.com,DCE4lOO3CiX,Female,1986-09-17,Staff
310,Rafaelita Strangeways,rstrangeways8l@fc2.com,t1OZdwT9u,Female,2008-06-06,IT
311,Christoper Mulbry,cmulbry8m@goo.gl,32TlojbLT,Male,1986-06-22,Staff
312,Marilyn Amos,mamos8n@phpbb.com,Ej6FNVQT8dfQ,Female,2006-01-27,Staff
313,Germaine Aikman,gaikman8o@amazon.de,gpbaHUM,Female,1997-04-06,Staff
314,Becka Ascraft,bascraft8p@tripod.com,yyoNTLxjmRKw,Female,2000-03-28,Faculty
315,Gillan Prisk,gprisk8q@usgs.gov,rVGdyfcq,Female,2005-10-08,Student
316,Mae Loos,mloos8r@icq.com,Yyl2od7M6,Female,1996-09-04,Faculty
317,Viva Cleatherow,vcleatherow8s@ft.com,M5mZlCbXToUP,Genderqueer,2000-11-22,Professor
318,Tara Giercke,tgiercke8t@51.la,95xr08lV,Female,2002-10-13,Staff
319,Man Bertson,mbertson8u@cmu.edu,UvIqOi,Male,2009-12-13,Staff
320,Nevil Ruddy,nruddy8v@si.edu,nCaC0LhFk,Male,1994-09-05,Staff
321,Garik Bridgstock,gbridgstock8w@edublogs.org,ftD2pob5VQ,Male,2006-03-27,Student
322,Carey Rudham,crudham8x@dyndns.org,1nXiwhA2v,Male,1992-08-22,IT
323,Corbett Rudram,crudram8y@earthlink.net,soMSoi2,Male,1985-02-03,Staff
324,Doloritas Peck,dpeck8z@facebook.com,B5ByOt,Female,2006-09-21,Staff
325,Edith Tresler,etresler90@networkadvertising.org,ItScxPjpoy,Female,1989-08-19,IT
326,Dedra Derington,dderington91@hp.com,kJs7Npa46nc,Female,2000-12-10,Professor
327,Mona Beseke,mbeseke92@nationalgeographic.com,aDgZr0h,Female,1997-11-27,Staff
328,Ogdon Hultberg,ohultberg93@gov.uk,v7CziPD,Male,1992-01-05,Professor
329,Bear Rizzolo,brizzolo94@360.cn,kCPn5D4m,Male,1990-06-19,Staff
330,Madelon Lemme,mlemme95@blogger.com,7VHL58HPab,Female,1985-11-18,IT
331,Bea Cocher,bcocher96@instagram.com,Hh2JMs,Female,2005-06-09,IT
332,Cindy Santoro,csantoro97@alibaba.com,EBOif9,Female,2009-12-16,Professor
333,Gerri Keniwell,gkeniwell98@nydailynews.com,AuDnzKp,Male,1999-07-25,Staff
334,Benjamin Budnik,bbudnik99@statcounter.com,JKwi8W,Male,1985-07-16,Staff
335,Cash Currell,ccurrell9a@shareasale.com,SFcypwAG9Ax,Male,1998-08-16,Staff
336,Fanny MacFarland,fmacfarland9b@miitbeian.gov.cn,o5WVbRB0,Female,2009-10-29,Professor
337,Janean Kreutzer,jkreutzer9c@go.com,fe5jNPqTUo,Female,1998-05-14,IT
338,Fanechka Merrydew,fmerrydew9d@marriott.com,dGdZpa,Female,2004-06-27,Student
339,Louie Henker,lhenker9e@trellian.com,akTcGwyBw7G,Male,1993-03-31,Student
340,Robbert Payfoot,rpayfoot9f@flavors.me,gcnrudY,Male,1981-04-22,IT
341,Martin Mewhirter,mmewhirter9g@vimeo.com,TDWtOPMIYr,Male,2001-12-29,Staff
342,Viv Clubley,vclubley9h@umn.edu,VFHmMS,Female,1983-08-09,IT
343,Dewey Jorgesen,djorgesen9i@admin.ch,epP16GlZRsZ0,Male,1985-08-05,Professor
344,Livvie Naisbet,lnaisbet9j@vk.com,OaJaq7Rj6jJ,Female,1993-06-21,Student
345,Lexy Windybank,lwindybank9k@trellian.com,LI04Mn,Female,1993-05-12,Professor
346,Jens Strippel,jstrippel9l@wired.com,Mh4aVIHI,Male,1980-12-03,Staff
347,Harley Winley,hwinley9m@cafepress.com,wepLIqyOtVy,Male,2007-02-25,Staff
348,Rand Elacoate,relacoate9n@studiopress.com,QOvWUoC,Male,2002-03-13,Professor
349,Ruthy Conring,rconring9o@stanford.edu,NuGdtMDrq34c,Female,1988-10-28,Staff
350,Hadria Mulles,hmulles9p@harvard.edu,ILwqfy1,Female,1986-03-01,Faculty
351,Demetris Kellitt,dkellitt9q@ca.gov,Mz82WBe,Female,1982-06-25,IT
352,Karlis Veque,kveque9r@deviantart.com,yaI5DbWr2nn,Agender,1998-09-16,Staff
353,Miran Linney,mlinney9s@woothemes.com,IlAKItHgUtt,Female,2009-01-31,IT
354,Jud Vasey,jvasey9t@mapy.cz,hJZa11o8du1M,Agender,2006-06-19,IT
355,Timmy Drache,tdrache9u@de.vu,LzpOLcm,Bigender,1993-11-29,Staff
356,Fulton Duffie,fduffie9v@freewebs.com,PSc1khWz,Non-binary,2006-11-19,IT
357,Sheilakathryn Motherwell,smotherwell9w@tamu.edu,1q2mzh7k8nba,Female,2009-02-21,IT
358,Jonell Grigs,jgrigs9x@fema.gov,nxpxya,Female,1987-03-21,IT
359,Sebastian Landrick,slandrick9y@nymag.com,YgDlyl77uyf,Male,1982-01-19,Professor
360,Nat McFayden,nmcfayden9z@tinyurl.com,VpLUGqI,Male,2004-07-27,Faculty
361,Concettina Gossan,cgossana0@google.com.hk,GIyvVkH2pD26,Female,2003-06-02,Staff
362,Bastian Holbie,bholbiea1@about.com,2DkMo9,Male,1981-08-19,Staff
363,Allistir Hobben,ahobbena2@biblegateway.com,iGhoZL,Male,1996-03-17,Staff
364,Diandra Curnnokk,dcurnnokka3@sakura.ne.jp,dyJkBp,Female,2006-03-19,Staff
365,Lacey Ellwood,lellwooda4@telegraph.co.uk,uk3EaA,Female,1997-01-12,IT
366,Danya Duxbarry,dduxbarrya5@amazonaws.com,0577utYb5,Female,1987-08-19,Staff
367,Mendie Pearce,mpearcea6@cnn.com,VeHuDymBmnD3,Male,1983-01-20,IT
368,Theodoric Hallibone,thallibonea7@nymag.com,A82kgY1Fh4,Male,2007-04-05,Staff
369,Leilah Ellaway,lellawaya8@google.com.au,wn9GVv,Female,1997-10-30,Student
370,Niven Sooper,nsoopera9@pinterest.com,k9MhCe,Male,1985-11-18,Staff
371,Cirilo Scammell,cscammellaa@theatlantic.com,cYRlpqU60,Male,2002-05-02,Staff
372,Wynny Freyn,wfreynab@edublogs.org,Hs6fzdglGd,Female,1987-05-17,Staff
373,Jaymee Bickle,jbickleac@phoca.cz,zQSxLuC,Non-binary,1996-01-24,Staff
374,Alejandrina Orfeur,aorfeurad@intel.com,6Ht8PN,Female,2002-08-28,Student
375,Euphemia Eskriet,eeskrietae@salon.com,EZEzam4yC,Female,1996-09-02,Student
376,Selestina Holwell,sholwellaf@ox.ac.uk,DerCxbx9,Female,2004-02-20,Staff
377,Nevile Ecles,neclesag@vistaprint.com,FCW2pA5P,Male,2006-03-21,Staff
378,Kory Gurry,kgurryah@chicagotribune.com,HuXyU1Pcnp7D,Genderfluid,1987-08-25,Staff
379,Costa Bresson,cbressonai@chron.com,dSELTXIPZtf,Male,1984-10-14,Professor
380,Benedetto Soall,bsoallaj@washingtonpost.com,b6aHFBV,Male,2007-11-10,Student
381,Devan Cockren,dcockrenak@wikipedia.org,epJSBpkn3,Female,2000-06-16,Student
382,Tiffanie Hitcham,thitchamal@miibeian.gov.cn,FqGs8vKEb,Female,1982-10-15,Staff
383,Jacques De Haven,jdeam@last.fm,9mQt7H,Agender,1999-05-06,Staff
384,Simone Le Noir,slean@bandcamp.com,fQ9DuqnCI8,Polygender,2006-08-09,IT
385,Shelbi Bootherstone,sbootherstoneao@squarespace.com,X3QalRmV,Female,1981-07-28,Staff
386,Sidney Dron,sdronap@theatlantic.com,N3RQkrJQcYxx,Male,1991-01-06,Staff
387,Oriana Howell,ohowellaq@cmu.edu,rb4A7K,Female,1984-12-01,Staff
388,Spenser Attfield,sattfieldar@pbs.org,UBfz7TbJ,Male,2005-05-13,Staff
389,Nataniel Thornthwaite,nthornthwaiteas@reuters.com,BjtacqcP4,Male,1984-12-24,Staff
390,Sallyanne Dwine,sdwineat@godaddy.com,YxOz5wKmdcd,Female,1982-05-29,Professor
391,Sawyer Shafe,sshafeau@ehow.com,0Z77uPXeVX1O,Genderfluid,1990-10-02,Professor
392,Alexei Mathews,amathewsav@naver.com,hc1yDpNo,Male,1986-01-09,Staff
393,Fergus Teulier,fteulieraw@so-net.ne.jp,GX2me3Y,Male,2005-11-06,Staff
394,Bayard Jaxon,bjaxonax@constantcontact.com,AlBTSbcjiY,Male,1989-08-29,Student
395,Keen Turland,kturlanday@berkeley.edu,VKvRrNmdb,Male,1991-06-27,IT
396,Tandie Heazel,theazelaz@dion.ne.jp,gImYoVWoS0k,Female,2001-07-11,Staff
397,Fannie Instock,finstockb0@feedburner.com,1x896P3,Female,1997-05-07,IT
398,Noami Dolphin,ndolphinb1@msn.com,usfM4Qg,Female,1995-02-09,Staff
399,Carmon Pedro,cpedrob2@altervista.org,b9k1kih,Female,1982-09-07,IT
400,Rock Santoro,rsantorob3@chicagotribune.com,sITyEaNckajI,Male,2003-06-12,IT
401,Lena Itzchaky,litzchakyb4@mozilla.com,rlaQAwnecfS,Female,1988-12-09,Staff
402,Austen McKiernan,amckiernanb5@amazonaws.com,fwHa7Z9JTYy4,Male,1992-02-12,Staff
403,Bennie Alkin,balkinb6@oracle.com,8Fs3QI,Non-binary,2008-02-02,Staff
404,Brook Tropman,btropmanb7@scientificamerican.com,UabBwahjyt2e,Female,2008-03-28,Staff
405,Yul Ambler,yamblerb8@umich.edu,hdOccBHiFh,Male,1991-05-18,Staff
406,Peyton Pennycord,ppennycordb9@diigo.com,Fxx8Dt,Non-binary,2007-07-24,IT
407,Matt Orrow,morrowba@addthis.com,arzY3uwzh,Male,1993-03-10,Staff
408,Pattie Brumham,pbrumhambb@archive.org,zyjuu4z,Genderqueer,2003-10-06,IT
409,Luelle Baytrop,lbaytropbc@ask.com,Xscbf92S,Female,2004-08-18,Staff
410,Giana Stuffins,gstuffinsbd@pagesperso-orange.fr,vm5Suzn,Female,1994-02-23,Staff
411,Phillipe Biasotti,pbiasottibe@prweb.com,kXNJmg1X1,Male,1986-05-04,Staff
412,Thibaut Swedeland,tswedelandbf@nih.gov,YdpqhV5p,Male,2002-01-09,Staff
413,Desmond Jakobssen,djakobssenbg@gnu.org,DOJcWY4NwuT9,Male,1999-05-11,Staff
414,Ali Hartwright,ahartwrightbh@reverbnation.com,5TiI48k,Female,1988-11-17,Staff
415,Delly Seage,dseagebi@mediafire.com,Bx3O0PtL,Female,1997-02-12,Staff
416,Jessee Helstrip,jhelstripbj@yolasite.com,xUe5ytviOtgh,Male,1983-08-02,IT
417,Robbert Rimour,rrimourbk@gmpg.org,2StFnuG2I,Male,2007-06-03,IT
418,Arel O'Monahan,aomonahanbl@ovh.net,WN8jNj,Male,1988-02-07,Staff
419,Michel Ianinotti,mianinottibm@nature.com,ZOosAKxi2jn1,Polygender,2002-05-27,IT
420,Giselle Luxen,gluxenbn@godaddy.com,EuSBCnX8W,Female,2006-08-31,Faculty
421,Darya Petranek,dpetranekbo@msn.com,4FeXHdH,Female,2001-06-22,IT
422,Thedric Baynam,tbaynambp@hud.gov,oQEYvHuLGYOD,Male,2000-08-12,Professor
423,Betta Veronique,bveroniquebq@google.com.br,CKVGAxU,Female,1984-02-10,Staff
424,Saraann Brammall,sbrammallbr@flavors.me,R3csS9bAfG,Female,2009-12-11,Staff
425,Kym Delete,kdeletebs@amazon.co.uk,VOWbrft6WoF,Female,1999-09-22,IT
426,Mohammed Piaggia,mpiaggiabt@google.co.uk,amE6xKxs,Genderqueer,2003-03-10,IT
427,Artemus Chuck,achuckbu@vimeo.com,Ez96fKnvOsh4,Male,2006-02-11,Faculty
428,Johan MacGillivrie,jmacgillivriebv@tinypic.com,8G8BEm7Dt,Male,2008-05-26,IT
429,Tracy Arghent,targhentbw@whitehouse.gov,ctFbOxP917xK,Male,2002-01-30,Staff
430,Elnore Rasor,erasorbx@bandcamp.com,eoYqtg3CFkeo,Female,1997-05-05,Faculty
431,Bearnard MacDonogh,bmacdonoghby@ustream.tv,djQm3D1ARuQ,Male,1983-03-08,IT
432,Charley Umpleby,cumplebybz@yale.edu,FbMwcT,Male,1984-06-12,Staff
433,Jaynell Deesly,jdeeslyc0@oracle.com,E90zYkTf3yah,Female,2006-02-26,Staff
434,Eldridge Tupper,etupperc1@cdbaby.com,f9G0K2DWvR,Agender,2010-04-04,IT
435,Samantha Whitworth,swhitworthc2@sina.com.cn,9O5yZNQbYDR9,Female,2008-12-09,IT
436,Hannie Thumann,hthumannc3@networkadvertising.org,DoWHJpn78o,Female,2001-04-15,Student
437,Betsey Pinyon,bpinyonc4@dot.gov,n7WdSGH4i,Female,1999-06-19,IT
438,Ileane Covendon,icovendonc5@altervista.org,mY0MwEkYS,Non-binary,1997-05-08,Professor
439,Gwendolyn Smither,gsmitherc6@examiner.com,fnRBwh,Female,2000-01-10,Staff
440,Deanne Brunn,dbrunnc7@independent.co.uk,udgIUspR7pW2,Female,2008-10-28,Staff
441,Bernete Mourant,bmourantc8@wikispaces.com,uzEXzTKEtl7,Female,1989-04-17,Staff
442,Skelly Quoit,squoitc9@slideshare.net,PlSmif9Nj2,Male,2001-10-27,Staff
443,Meg Kroll,mkrollca@techcrunch.com,9NtwWVXb,Female,2006-01-17,IT
444,Heywood Klaas,hklaascb@yellowbook.com,jqAAjBG4z,Male,1980-11-24,Staff
445,Adelind McCullen,amccullencc@google.it,NQwm4Pw9,Genderqueer,1997-08-09,Professor
446,Webb Bohler,wbohlercd@admin.ch,Oal7RWLr6,Male,1986-08-05,IT
447,Clint Foreman,cforemance@yale.edu,Tyqh7BOCsXF,Male,1986-10-04,Staff
448,Phylis Stillman,pstillmancf@telegraph.co.uk,OpfjJN,Genderqueer,2005-11-01,Staff
449,Germana Blindermann,gblindermanncg@i2i.jp,8fIYDA,Female,2001-03-14,IT
450,Marietta Perillo,mperilloch@rakuten.co.jp,tRfKzlr7mU,Male,1987-02-05,Staff
451,Jan Round,jroundci@ning.com,cfOQgvTn,Male,2004-03-11,Professor
452,Deloria Roofe,droofecj@omniture.com,UvsRWAyP,Female,2007-08-06,IT
453,Monty Osgarby,mosgarbyck@blogtalkradio.com,LR9wEEQgKzhj,Male,2006-12-15,IT
454,Toby Pulman,tpulmancl@github.com,AvXVBor,Polygender,2003-08-24,Staff
455,Tybie Oki,tokicm@google.es,SNBHSqk,Female,2000-01-29,Staff
456,Christiana Broady,cbroadycn@paypal.com,GiG4OMWp7J,Female,1991-11-23,IT
457,Orly Gilliland,ogillilandco@google.co.jp,6d7gD8KIw,Female,1992-10-01,Student
458,Codi Tyce,ctycecp@cocolog-nifty.com,njjm9oZEjx,Male,2003-10-14,Staff
459,Hartwell Emlen,hemlencq@furl.net,eEgfbB,Male,1998-11-22,Staff
460,Ethe Tootin,etootincr@cdc.gov,C0c1nSg0TfvX,Male,2003-07-09,Faculty
461,Eduino Salazar,esalazarcs@chronoengine.com,NjDrwx3v27,Male,2000-01-04,Staff
462,Mathian Falkinder,mfalkinderct@bandcamp.com,JRly6yinWyN,Male,1985-01-13,IT
463,Debby Dellow,ddellowcu@is.gd,tqWgpbZ,Female,2006-04-21,Professor
464,Marcille Oughtright,moughtrightcv@unc.edu,6Xwo1l,Female,2007-12-03,Staff
465,Kinnie McTrustey,kmctrusteycw@squidoo.com,7yCD85,Male,1980-09-09,Staff
466,Brion Nesey,bneseycx@sohu.com,UceYib1kK,Male,1997-03-12,Staff
467,Randie Bonsall,rbonsallcy@tamu.edu,eKnj3OJ5qK0U,Male,1996-01-04,Student
468,Winny Lucas,wlucascz@comsenz.com,wMUT05fbXwD,Male,2008-03-24,Staff
469,Wenda Fernez,wfernezd0@time.com,g9HA7Dec,Female,1985-11-02,Staff
470,Lois Tewes,ltewesd1@ustream.tv,ZhHAJuB,Female,2008-03-10,Staff
471,Biron Witterick,bwitterickd2@smh.com.au,JX6GCBIvcm,Male,2004-10-14,Staff
472,Nina Bowbrick,nbowbrickd3@weather.com,DTwaW4ugP,Female,1985-01-05,Professor
473,Elysia Feenan,efeenand4@xinhuanet.com,nVLKU2sUF,Female,2006-08-23,Staff
474,Lazare Sawkin,lsawkind5@boston.com,0JCsqbpsO,Male,1983-02-13,Staff
475,Samuele Loveland,slovelandd6@lycos.com,pSq7TiC,Male,2001-08-23,Student
476,Rudolfo Jesteco,rjestecod7@g.co,lM5eLMew,Male,1999-01-11,Staff
477,Tani Arran,tarrand8@accuweather.com,pWLigHRdNbD,Female,1991-10-24,IT
478,Gregg Grigolashvill,ggrigolashvilld9@1688.com,hvMN5ptgHZ,Male,1996-10-05,Staff
479,Neile Hanham,nhanhamda@vinaora.com,6MpnZHVVnG9o,Female,2003-05-30,Staff
480,Chico Boleyn,cboleyndb@apple.com,FGp72oCDZcT,Male,2003-12-02,Professor
481,Katlin Allso,kallsodc@hubpages.com,2KdvsK7zf,Bigender,2001-09-18,Student
482,Janel McNay,jmcnaydd@zdnet.com,fw18pkR,Female,1981-12-22,IT
483,Berrie Code,bcodede@ycombinator.com,WtzrfA,Female,1994-10-13,Staff
484,Bridie Radband,bradbanddf@miibeian.gov.cn,uvWw6EhmA2JM,Female,1991-06-04,Staff
485,Edita Pittem,epittemdg@msu.edu,7Ogu8faUa,Female,1986-03-12,IT
486,Rowland Zaniolini,rzaniolinidh@state.tx.us,CGl5NG8Yp,Male,1981-07-06,Staff
487,Alexina Coppens,acoppensdi@barnesandnoble.com,r5XgrSY,Bigender,1990-04-18,Staff
488,Jimmy Deehan,jdeehandj@lycos.com,5Xn8WQGMh9u,Male,2001-02-16,Staff
489,Benn Bergeon,bbergeondk@etsy.com,rLs6xbqcIVK,Male,2007-09-10,Staff
490,Carlita Dudding,cduddingdl@ucsd.edu,3iuGIMLz3MK,Female,2008-07-01,Staff
491,Lion McAlister,lmcalisterdm@xinhuanet.com,1uqrXdAdv,Male,1988-04-24,Student
492,Jilli Radbourn,jradbourndn@cdc.gov,PPr2AHN8B,Female,1998-09-03,Staff
493,Montague Walthall,mwalthalldo@bloglines.com,tp47NAZ7IKI,Male,2000-07-13,IT
494,Toma Chicotti,tchicottidp@addthis.com,3kLLGeS9,Female,2002-10-29,Student
495,Creighton Plank,cplankdq@tumblr.com,hlDZuf7J7,Male,2008-04-15,Faculty
496,Barbabas Feedham,bfeedhamdr@mac.com,RJX4V02N4jz,Male,2006-05-16,Staff
497,Gannie Titchener,gtitchenerds@tinypic.com,KcLp9fH,Male,1994-10-09,Faculty
498,Karly Whittam,kwhittamdt@ed.gov,oBrQGTem,Female,1984-02-08,Staff
499,Sonnie Jeandillou,sjeandilloudu@indiatimes.com,eLdrkY,Male,2009-10-08,Professor
500,Alastair Frensch,afrenschdv@topsy.com,9XBhuP5v6,Male,1989-05-08,Student
501,Avictor Hearnah,ahearnahdw@discuz.net,HQleTlaCB2o,Male,1990-10-04,Staff
502,Elianora Yurinov,eyurinovdx@photobucket.com,OsBxFzV3RA6,Female,1985-03-13,Staff
503,Janaya Rosgen,jrosgendy@unesco.org,u2oNDUfm,Female,1986-07-28,Faculty
504,Bevan Ivanitsa,bivanitsadz@hostgator.com,XxszXBnP7N,Male,1992-12-31,IT
505,Dina McCreary,dmccrearye0@163.com,GoXyKcpKo1,Genderfluid,1998-03-01,Professor
506,Glennis Yurevich,gyureviche1@cnn.com,c2E0IkL6K,Female,1984-10-02,IT
507,Cari Echallier,cechalliere2@gmpg.org,xudftgKgAP,Female,1986-01-14,Staff
508,Angie Bent,abente3@livejournal.com,Phzlnc1nw,Male,1986-11-23,Professor
509,Morry Bendix,mbendixe4@amazon.co.uk,yDxs3Pu8lPh,Male,1987-04-25,IT
510,Eddie Holdin,eholdine5@yahoo.com,1GSPiFGDf,Male,2002-05-19,Staff
511,Randal Howle,rhowlee6@gmpg.org,8wu9hw,Male,1988-08-08,IT
512,Janessa Keeri,jkeerie7@indiegogo.com,qNF4jx,Female,1987-08-28,Professor
513,Raul Rosencrantz,rrosencrantze8@hubpages.com,abnxm8kQglq,Male,1983-11-09,Student
514,Jammie Freeborne,jfreebornee9@cocolog-nifty.com,9nDHFUG1u0,Female,1986-03-04,Staff
515,Ynez Daout,ydaoutea@java.com,kxajoDwzq,Female,1995-05-28,IT
516,Maddalena Leversha,mlevershaeb@nasa.gov,zphs2Utom0Zz,Female,1993-07-30,Staff
517,Teddi Comar,tcomarec@sfgate.com,UWLDaxo6,Female,1982-04-11,Professor
518,Grace Peggrem,gpeggremed@yahoo.co.jp,dJyrtr,Bigender,1990-05-01,Staff
519,Auria Brimilcombe,abrimilcombeee@bloomberg.com,7CKqpR,Female,2005-06-02,Staff
520,Nil Ephgrave,nephgraveef@phoca.cz,RY40aiT,Male,1996-03-28,Staff
521,Sibley Greenan,sgreenaneg@xrea.com,aOj24IbY,Female,1984-08-02,Staff
522,Mel Wanley,mwanleyeh@sohu.com,0GswuKmXxg4,Female,1999-06-23,Student
523,Shepperd Beddows,sbeddowsei@java.com,KBLMBV,Male,1999-02-05,Staff
524,Davin Brazelton,dbrazeltonej@squarespace.com,5ycKQUlgYM,Male,2006-08-20,IT
525,Eleanor Fancott,efancottek@odnoklassniki.ru,vPrXmo,Female,2006-04-22,Staff
526,Harrison Lorman,hlormanel@shareasale.com,WY0nsL,Male,1991-07-11,IT
527,Reynolds Beckers,rbeckersem@tinyurl.com,CpjIdx5,Male,1992-05-30,Professor
528,Tadeas Noads,tnoadsen@hhs.gov,A9oo0Urx,Male,1994-09-20,IT
529,Allan Kew,akeweo@craigslist.org,8kSSdkRtf,Male,1984-01-10,Faculty
530,Garland Luckhurst,gluckhurstep@webmd.com,WdA80rm,Female,1980-06-06,Staff
531,Minne Linsey,mlinseyeq@feedburner.com,IxPCtCL,Female,2000-10-06,Staff
532,Geoffrey Allchorne,gallchorneer@themeforest.net,bkj3fJ3j,Male,1981-12-01,Staff
533,Ladonna Bentzen,lbentzenes@smh.com.au,YZCRlPVk,Female,1988-12-02,Staff
534,Lauretta Knowlys,lknowlyset@yahoo.com,te5n5q3yo3X,Female,2006-04-11,IT
535,Simonne Ringrose,sringroseeu@instagram.com,WriA5dd4,Female,2002-07-15,Professor
536,Tobe Inchbald,tinchbaldev@un.org,wEeuEBEahQa,Female,1988-11-07,Staff
537,Audry Sidebotton,asidebottonew@java.com,skNWthfjca1,Female,2010-01-18,Staff
538,Phylys Korlat,pkorlatex@admin.ch,MTuF8wR2BjC,Female,2002-11-07,Staff
539,Meredeth Denerley,mdenerleyey@edublogs.org,h0s7rm4Xa,Male,1995-01-02,Staff
540,Clay Tingey,ctingeyez@sphinn.com,aFHQcy,Male,2009-03-17,Faculty
541,Lezlie Gillow,lgillowf0@berkeley.edu,Z89h5DyVYkn,Female,1997-06-05,Faculty
542,Cosetta Blaxall,cblaxallf1@statcounter.com,uBaKASS8Jf0Q,Female,1992-12-22,Faculty
543,Lola Denisard,ldenisardf2@about.me,eFIpyGIJe,Female,2002-12-26,Staff
544,Heddie Sealove,hsealovef3@google.com,YjtHcWIiDJiO,Female,2008-12-26,Professor
545,Enrico Waddams,ewaddamsf4@clickbank.net,8IoYYhNJ,Male,1987-03-11,IT
546,Orren Meedendorpe,omeedendorpef5@themeforest.net,Q3Q3kN2,Male,2001-02-04,IT
547,Kary Walhedd,kwalheddf6@freewebs.com,anFyr9zIK,Female,1997-08-26,Professor
548,Fern Lockless,flocklessf7@omniture.com,C6V11wr,Female,2004-11-12,Staff
549,Anselma Soame,asoamef8@springer.com,FwatvB,Female,1998-06-13,Staff
550,Robinet Brotherick,rbrotherickf9@yellowbook.com,lSyZzJGycDF,Male,1985-03-13,Staff
551,Annadiana Fitzpatrick,afitzpatrickfa@moonfruit.com,3X5Xz5kNg,Female,2004-08-12,Staff
552,Loria Grzeskowski,lgrzeskowskifb@lulu.com,DwajsKMX,Female,1982-10-11,IT
553,Laura Disdel,ldisdelfc@intel.com,a6oE2JLz4hE,Female,1998-05-03,IT
554,Rem Abden,rabdenfd@theguardian.com,XaVl7XYc,Agender,1994-02-06,Professor
555,Boris Keilloh,bkeillohfe@macromedia.com,dbEBtWFXI,Male,1998-09-27,IT
556,Cacilie Allewell,callewellff@comsenz.com,zh4hVzPq,Female,2007-02-20,IT
557,Adena Spaice,aspaicefg@upenn.edu,OqX6q7XSRnqb,Female,1981-02-11,Staff
558,Nedda Purle,npurlefh@nasa.gov,vlB47GAji1N,Female,1997-11-21,Staff
559,Sutherlan Lisamore,slisamorefi@ftc.gov,gNfJoMCu,Male,2007-05-19,Staff
560,Rosy Glenister,rglenisterfj@mayoclinic.com,xKdcmBBxq,Female,1992-12-15,Student
561,Faye Chopping,fchoppingfk@redcross.org,bcHWCC3P3cl,Female,1980-11-30,IT
562,Ange Yardy,ayardyfl@1688.com,6AxJQxxVSzY,Female,2005-05-10,IT
563,Stan Woolgar,swoolgarfm@amazon.co.uk,4SmoXnAJEqw,Male,2008-01-21,Staff
564,Lyndy Hammerberger,lhammerbergerfn@msn.com,RyxEQJvJr1x7,Female,1995-04-24,IT
565,Del Catford,dcatfordfo@dedecms.com,bAdJC5WNUsw,Female,1986-03-08,Staff
566,Theresa Greer,tgreerfp@discovery.com,tttepl7,Female,2000-11-18,Staff
567,Conrad Adolf,cadolffq@shinystat.com,3LsDXeeor4,Genderfluid,1987-01-22,IT
568,Dehlia Jansens,djansensfr@newyorker.com,MuSyhtJ4c9s,Female,1996-07-08,IT
569,Thaxter Harmeston,tharmestonfs@discuz.net,PlvnYVk3nEN,Genderqueer,1991-10-04,IT
570,Cristi Death,cdeathft@jigsy.com,Rz7RTLX,Female,1999-12-04,Staff
571,Zelig Crombleholme,zcrombleholmefu@dailymotion.com,vCGZlpGEXC6u,Male,1990-03-23,Staff
572,Jarret Wyatt,jwyattfv@pbs.org,J5pmSKB4,Male,1997-07-30,IT
573,Farris Pudsey,fpudseyfw@networkadvertising.org,nlFXalUI,Male,2004-05-23,Professor
574,Clementia Lamboll,clambollfx@hp.com,5IJ0Hd8Sae,Polygender,1997-01-23,Professor
575,Erv Castagneto,ecastagnetofy@de.vu,R6KKjR,Male,1988-07-19,Faculty
576,Hewie Hylands,hhylandsfz@reuters.com,35MjQHwghLM7,Male,1991-01-02,Staff
577,Joelle Rossoni,jrossonig0@qq.com,M2F8nT,Polygender,2006-08-03,Staff
578,Rafaellle Gotthard,rgotthardg1@apache.org,KvGFKysb,Male,1986-02-22,Professor
579,Irvin Kingscote,ikingscoteg2@mashable.com,r3dZtS5sqy,Male,1988-11-12,IT
580,Sybyl Bedford,sbedfordg3@desdev.cn,Zv340HU,Female,2008-01-04,Staff
581,Bill Paumier,bpaumierg4@comsenz.com,vDHvaZFONuv,Female,1991-02-11,Staff
582,Sheridan Soloway,ssolowayg5@usa.gov,972GUSz58,Bigender,1989-05-02,IT
583,Wilek Tiffin,wtiffing6@usatoday.com,SCmUbD,Male,1990-07-06,Staff
584,Theodoric De Morena,tdeg7@ca.gov,6BfvfL,Male,1985-04-30,IT
585,Myles Schleicher,mschleicherg8@bandcamp.com,uRmmR9dF,Male,1987-05-08,Staff
586,Gordy Cappel,gcappelg9@chicagotribune.com,yshV2wxhW,Male,1986-08-09,Staff
587,Ferrel Lorentz,florentzga@youtube.com,bbX5yUP,Male,2001-02-27,IT
588,Winnifred Tuttiett,wtuttiettgb@umn.edu,NHR8Mt7eh2mV,Polygender,1980-07-17,Professor
589,Kynthia Pember,kpembergc@admin.ch,soLVzS,Female,2009-10-06,IT
590,Brandais Hehl,bhehlgd@1688.com,UuOs7I1Z,Female,1989-12-14,IT
591,Thatcher Burnitt,tburnittge@google.pl,kZX8KXzGVJt,Male,1997-09-12,Faculty
592,Nessy Grimditch,ngrimditchgf@independent.co.uk,fOzFUW,Female,1989-03-11,IT
593,Gayle Endon,gendongg@npr.org,HQatnt,Male,1988-12-07,Staff
594,Sergei Rowell,srowellgh@xing.com,VRfA7CST,Male,1981-10-26,Professor
595,Lorry Body,lbodygi@elpais.com,SEff7nfyc7,Male,1987-07-01,Staff
596,Nahum Lade,nladegj@slate.com,VgMYAGoj,Male,1980-06-13,Staff
597,Donny Soloway,dsolowaygk@behance.net,lUbb6xQQwDI,Female,2001-04-06,IT
598,Maye Clews,mclewsgl@deviantart.com,f7k3eS5XwkKs,Female,1994-05-22,Staff
599,Pam O'Heneghan,poheneghangm@usgs.gov,VuGw6zaIpkb,Genderfluid,1995-09-03,IT
600,Mike Luparto,mlupartogn@blogspot.com,XcV7S4a,Male,2008-10-01,Staff
601,Isadore Hewlings,ihewlingsgo@hc360.com,BVjqveXPk,Male,1997-02-05,Professor
602,Lindy Courtese,lcourtesegp@stanford.edu,btcKAD,Male,1992-04-23,Staff
603,Cal Mullan,cmullangq@wufoo.com,dItJtWKMJphM,Male,2003-08-02,Staff
604,Adrien Wroath,awroathgr@chron.com,Ei1l6RLdMt,Male,2008-11-26,Professor
605,Cristine Martini,cmartinigs@squarespace.com,f62WxDVFsye,Female,1995-12-03,Professor
606,Jamesy Widdocks,jwiddocksgt@intel.com,Nmv4DHKmHpPY,Male,2001-06-25,IT
607,Sebastien Nolder,snoldergu@storify.com,NrgCZNaq,Male,2007-02-15,Staff
608,Bronny Chate,bchategv@tamu.edu,W4EHFymc,Male,1984-04-15,IT
609,Nikolaus Gencke,ngenckegw@alibaba.com,2OB9DcgxU,Male,1986-03-12,Staff
610,Link Romain,lromaingx@wunderground.com,wzCv5EIfffp,Male,1983-03-16,Staff
611,Philis Fettiplace,pfettiplacegy@issuu.com,W3d4j38YjN7,Female,1995-08-15,IT
612,Ware Buckler,wbucklergz@hugedomains.com,CItRnQdcjC,Male,2004-07-20,Faculty
613,Fulton Jaquemar,fjaquemarh0@virginia.edu,zWhCGWh3qosG,Male,2004-05-27,Staff
614,Happy Raincin,hraincinh1@yellowbook.com,SjfLntCh1sE,Genderqueer,1985-08-11,IT
615,Eydie Muirden,emuirdenh2@illinois.edu,TXMgJs8,Agender,1986-05-27,IT
616,Chrissy Mattam,cmattamh3@forbes.com,mH0leH,Male,2001-08-28,Faculty
617,Peterus Bonner,pbonnerh4@elegantthemes.com,9928eX,Male,1983-07-15,IT
618,Julie Buckenhill,jbuckenhillh5@usa.gov,N9CYSrwMnfo,Female,1997-10-28,IT
619,Celestina MacCawley,cmaccawleyh6@simplemachines.org,YvnWOw,Female,1986-11-10,Staff
620,Shayna Cawthorn,scawthornh7@fema.gov,Jl1woe,Female,1989-03-03,Professor
621,Gannie Farrimond,gfarrimondh8@nasa.gov,90Mrln3e,Male,1992-04-21,Staff
622,Lelah Foister,lfoisterh9@prweb.com,AsNKzZl2o,Female,2008-10-16,IT
623,Alistair Lomasny,alomasnyha@vkontakte.ru,pPJpsWl1Gl,Male,2002-07-22,Staff
624,Lynda Thirtle,lthirtlehb@sakura.ne.jp,XBJGM8,Female,2000-04-11,IT
625,Erskine Chattock,echattockhc@arstechnica.com,6w1sPnce,Male,2003-08-03,Staff
626,Vanny Paprotny,vpaprotnyhd@census.gov,7d900t9G1,Agender,1981-03-14,IT
627,Dana Windeatt,dwindeatthe@vinaora.com,QjCKWkWP,Bigender,1991-05-02,Student
628,Roosevelt Standbridge,rstandbridgehf@1und1.de,EFd60V,Male,1982-05-26,Staff
629,Matthus Poyzer,mpoyzerhg@mtv.com,eZk7hU,Male,1989-09-24,Staff
630,Leshia Grimsdale,lgrimsdalehh@loc.gov,1k5VDa11y2,Female,1983-12-07,Staff
631,Edgard Talboy,etalboyhi@google.com.br,7sdazq1rFkH7,Male,1983-06-05,IT
632,Donavon Smiths,dsmithshj@printfriendly.com,Jwormf5XGyt,Male,1999-09-06,Student
633,Cary Huscroft,chuscrofthk@blog.com,Al61x2g,Female,1995-03-21,IT
634,Flory Kyte,fkytehl@dailymotion.com,1gMUSL,Male,2005-01-28,Staff
635,Zechariah Wyche,zwychehm@histats.com,vpRkXspWA,Male,1989-05-23,Staff
636,Briggs Cleugh,bcleughhn@biglobe.ne.jp,v59Bb0itB,Male,1980-10-08,IT
637,Elton Jarvie,ejarvieho@bravesites.com,kNl0lgbGU,Male,1997-09-15,Staff
638,Chad Sumbler,csumblerhp@cocolog-nifty.com,KKZXUey0BC,Female,1981-01-11,IT
639,Gris Renny,grennyhq@rediff.com,ijKQwgKqEzHF,Male,1999-05-29,Staff
640,Nappie Stile,nstilehr@epa.gov,ZihcQe47tttM,Male,1983-10-16,Staff
641,Marve Falkingham,mfalkinghamhs@answers.com,gLQWANDbVynq,Male,1991-04-18,IT
642,Matthew Dana,mdanaht@army.mil,Wkvsa1GWwgO,Male,1987-11-04,Staff
643,Menard Maingot,mmaingothu@scribd.com,uOGBm35,Male,1997-07-27,Staff
644,Brigida Copplestone,bcopplestonehv@ocn.ne.jp,fQOPtaEM5uL,Female,2002-07-10,Faculty
645,Tabitha Partner,tpartnerhw@sohu.com,YXL7ZsTf6su,Female,1994-09-22,Student
646,Licha Essam,lessamhx@epa.gov,Xp5Wo9,Female,2007-12-05,Staff
647,Murry Elloy,melloyhy@google.co.jp,W35piVzW,Agender,1998-04-21,Staff
648,Hasty Pudding,hpuddinghz@seesaa.net,3HyOTH8,Male,1998-03-03,Staff
649,Calhoun Mourant,cmouranti0@bloomberg.com,BWHt97s,Male,1992-03-13,Staff
650,Dacy Gladyer,dgladyeri1@ft.com,TqllWoWn,Female,2006-02-25,IT
651,Neila Brendish,nbrendishi2@cocolog-nifty.com,VQv0qGZx,Female,2005-12-02,Faculty
652,Shamus Emmer,semmeri3@networksolutions.com,u48kmAEka819,Male,2007-04-11,IT
653,Albertine Jersh,ajershi4@meetup.com,Aue1UgnOkoqW,Female,1982-06-01,Staff
654,Marybelle Leban,mlebani5@odnoklassniki.ru,LgntG4MQW,Female,2008-06-16,Professor
655,Leon Grigori,lgrigorii6@vkontakte.ru,2vSyiXXX,Male,2008-07-14,Professor
656,Sumner Arenson,sarensoni7@bloomberg.com,m5jW7kgsLF,Male,1984-07-05,Staff
657,Jany Fellowes,jfellowesi8@exblog.jp,9IJATBrizUN,Female,2007-07-13,Staff
658,Ashton Turfes,aturfesi9@newyorker.com,Bj9MWcqNeEU,Male,1994-02-24,Staff
659,Griz Dehn,gdehnia@ifeng.com,zvhBLG2,Male,1999-07-11,Staff
660,Clarice Adamiec,cadamiecib@seattletimes.com,9SEE8h,Female,2004-05-04,Professor
661,Rosette Gierth,rgierthic@noaa.gov,PAVre4gV,Female,1982-07-23,Staff
662,Skell Godspeede,sgodspeedeid@delicious.com,yV0Mwe,Male,1981-02-27,Staff
663,Chet McCosker,cmccoskerie@sohu.com,4FYES9HQ,Male,2006-01-22,Professor
664,Daren Van Castele,dvanif@psu.edu,Gxj1UJzV1,Male,1996-04-29,Faculty
665,Walden Garrick,wgarrickig@tiny.cc,sm5SV0,Agender,1984-02-06,Staff
666,Orson Pigdon,opigdonih@china.com.cn,9DydbSO2OLq,Male,1990-07-17,Staff
667,Hercules De Gregorio,hdeii@deviantart.com,u320kLK0,Male,2002-01-23,Faculty
668,Fremont Di Iorio,fdiij@dailymotion.com,By4xJS62,Male,1991-07-24,Staff
669,Max Sheehan,msheehanik@wp.com,buuTYVL,Female,1986-02-02,Staff
670,Elyse Kiellor,ekielloril@discuz.net,8b24UeoqlB,Female,1981-12-20,Faculty
671,Corabel Jaqueme,cjaquemeim@sitemeter.com,ZPDo4d,Female,2003-12-25,IT
672,Ethe Tranfield,etranfieldin@nps.gov,1LoNla0,Male,1990-08-30,IT
673,Jody Sully,jsullyio@usatoday.com,8GUz8xXR,Male,2003-05-05,Staff
674,Daren Kahn,dkahnip@state.tx.us,smnLb02FI89,Male,1985-07-01,Staff
675,Libby Frogley,lfrogleyiq@123-reg.co.uk,SODiQp8A,Female,2008-11-22,Staff
676,Earvin Merner,emernerir@google.com.br,9husNQWeehs,Male,1991-03-26,IT
677,Eduardo Mundow,emundowis@nps.gov,kkpp9WY,Agender,1996-08-27,Staff
678,Zondra Daventry,zdaventryit@dedecms.com,yn6BukHFY9o,Female,2010-03-24,Staff
679,Benjamen Frankton,bfranktoniu@exblog.jp,6iGQoWp2bWx,Male,2003-01-12,Staff
680,Sigrid Locksley,slocksleyiv@disqus.com,fH2qHGQE5,Female,1983-08-04,Staff
681,Rock Readie,rreadieiw@joomla.org,2TNaR3o3,Male,1986-12-28,IT
682,Rogerio Bellenger,rbellengerix@dot.gov,8sAbrchp,Male,1988-08-01,Staff
683,Lauryn Sarll,lsarlliy@chron.com,GbWaPH,Female,2001-03-22,Faculty
684,Nicol Gerran,ngerraniz@fda.gov,v6nPQvXU,Male,1987-08-09,Staff
685,Teresa Hallt,thalltj0@com.com,IFQ1wd5F,Female,2004-12-16,Staff
686,Lizabeth Ennor,lennorj1@exblog.jp,hUlWNfQ8EYW,Female,1992-08-04,Staff
687,Gard Terney,gterneyj2@hibu.com,fcYqviXaC,Male,1987-10-20,IT
688,Briney Dykes,bdykesj3@hao123.com,u60Ycibg,Female,1993-05-04,IT
689,Rosie Seyler,rseylerj4@wsj.com,rRAva3crG,Female,2007-11-09,IT
690,Teriann Kelwaybamber,tkelwaybamberj5@imgur.com,WBQL6Dif,Female,2006-07-14,Staff
691,Guendolen Tetley,gtetleyj6@gizmodo.com,Utamg06rs,Genderqueer,1998-07-08,IT
692,Gail Braywood,gbraywoodj7@devhub.com,Dh84HzdZq,Male,1997-10-20,Staff
693,Brena Egiloff,begiloffj8@over-blog.com,puxwI3YXq6Ha,Female,1991-08-18,Staff
694,Erhard Frondt,efrondtj9@liveinternet.ru,dyQFIO,Male,1990-07-23,Staff
695,Asia Andrus,aandrusja@paginegialle.it,EKhph9VoD8m1,Female,2001-09-24,IT
696,Stewart Dwyer,sdwyerjb@spotify.com,aZhoSHR8z4,Male,1987-10-22,Staff
697,Hall Lorain,hlorainjc@digg.com,QsNIxnAH,Male,1982-02-09,Staff
698,Mose Bellsham,mbellshamjd@hostgator.com,6eGSCo,Male,1993-10-21,IT
699,Barney Burras,bburrasje@go.com,J9DCo19RU6,Male,1998-07-25,Student
700,Tressa Gonsalvo,tgonsalvojf@ebay.com,mRR68d5Df,Female,1986-07-07,Staff
701,Wynnie Nutting,wnuttingjg@apple.com,1W2NQcVGQ,Female,1993-02-20,Staff
702,Grier Brechin,gbrechinjh@unesco.org,T5suOd,Female,1985-05-16,Staff
703,Alvis Olenichev,aolenichevji@census.gov,R9FOhirV3,Male,1987-10-28,Staff
704,Nicolais Sabati,nsabatijj@ibm.com,PkLBSYj,Male,1999-10-11,IT
705,Elvina Tranckle,etrancklejk@merriam-webster.com,G2EnWFCCPp,Female,1999-02-02,IT
706,Kermie Willoughey,kwillougheyjl@rambler.ru,AdacTAVALG8,Male,1994-12-06,Professor
707,Maureen Wheelhouse,mwheelhousejm@spiegel.de,VQnKuN,Female,1986-07-22,IT
708,Quintilla Rudham,qrudhamjn@harvard.edu,b7LUKVJyYW,Female,1984-06-17,Faculty
709,Beauregard Crombleholme,bcrombleholmejo@oaic.gov.au,smeY0C8,Male,1996-10-22,Staff
710,Thorstein Londors,tlondorsjp@cisco.com,y26uwfHs3C5B,Male,2006-06-15,Staff
711,Warde Bignold,wbignoldjq@wired.com,DOmDt7,Polygender,2000-06-12,Professor
712,Daria Raddin,draddinjr@addtoany.com,jdZvqHs4Pd,Female,1999-01-26,IT
713,Ban Worrill,bworrilljs@so-net.ne.jp,500wGBrbEXpd,Agender,1998-10-12,Staff
714,Kristoffer Done,kdonejt@blogtalkradio.com,ZbajJeQ,Male,1989-03-09,Staff
715,Gelya Klemt,gklemtju@ezinearticles.com,JjsKhWnjm,Female,1998-06-22,Staff
716,Sheff Bissett,sbissettjv@vk.com,0Wh1Q8zvD0,Male,2004-12-03,Faculty
717,Starlene Steinhammer,ssteinhammerjw@ycombinator.com,ZYTanc1RqR,Female,1987-10-25,Staff
718,Will Llorente,wllorentejx@sphinn.com,sAN2mDQzTpcN,Male,1994-01-03,IT
719,Cthrine Gavrieli,cgavrielijy@tiny.cc,PBoMo0krIkRD,Female,1990-09-25,Professor
720,Forster Cookes,fcookesjz@usatoday.com,BknkiVmFiHUB,Male,1986-05-12,Faculty
721,Juliana Hengoed,jhengoedk0@amazon.com,wTmAs1y8R,Female,1982-12-25,Staff
722,Danni Castells,dcastellsk1@blogspot.com,hkzKRm,Female,1990-10-10,Staff
723,Broderick Mathissen,bmathissenk2@discuz.net,rrZK5J,Male,2003-09-06,Staff
724,Gwyneth Colbron,gcolbronk3@businesswire.com,Aqbx7ZAKk,Female,1999-02-13,Professor
725,Flore Gomez,fgomezk4@oakley.com,bVn9kF,Female,1998-09-12,Staff
726,Gustaf Pavinese,gpavinesek5@sitemeter.com,0Id6PN,Male,1988-06-24,IT
727,Alia Vinton,avintonk6@sbwire.com,Q76d0EZ1qTss,Female,2003-09-22,Professor
728,Valerie Mishow,vmishowk7@npr.org,E0ZevtG60Z,Female,2008-01-15,IT
729,Yetty Kivelle,ykivellek8@hubpages.com,kqsO3galDU,Female,2006-07-07,Professor
730,Parnell Yoodall,pyoodallk9@ifeng.com,po1BccGR2Wtw,Bigender,1988-12-22,IT
731,Ainsley Johansson,ajohanssonka@bandcamp.com,El3xlI1ev,Female,1992-04-11,Student
732,Carling Giannassi,cgiannassikb@washingtonpost.com,XQYYFC1nD2Qr,Male,2005-01-21,Staff
733,Anatola Daughtry,adaughtrykc@nyu.edu,EFOxrFkn,Female,1986-12-16,Staff
734,Bettina Taylo,btaylokd@google.com.br,hSlPBSE,Female,1995-07-13,IT
735,Kennan Palser,kpalserke@etsy.com,RPyYj26,Male,1999-12-14,Professor
736,Tamar Tremblay,ttremblaykf@cargocollective.com,Tmq9p6qx,Female,1983-09-07,Professor
737,Jule Longmore,jlongmorekg@blog.com,qb1TGp,Male,2003-02-26,Staff
738,Zaccaria Mc Elory,zmckh@studiopress.com,y2mjz6vkcO,Male,1998-08-17,IT
739,Fraze Pentland,fpentlandki@illinois.edu,5syeiarEtO,Male,2010-02-20,Staff
740,Wendy Greenless,wgreenlesskj@homestead.com,7NMAMELn,Female,1993-06-12,Professor
741,Janet Gleeton,jgleetonkk@nationalgeographic.com,sE3F5fdPXU3,Female,1987-07-21,IT
742,Crysta Lightoller,clightollerkl@unesco.org,asc0IjFQp,Female,1986-08-25,Professor
743,Willi Attwoull,wattwoullkm@go.com,21R7gtYUP,Female,1989-06-02,Staff
744,Holly-anne Buxam,hbuxamkn@google.com,f0SDx5qh1Um,Female,1981-11-05,Staff
745,Marylynne Rojahn,mrojahnko@uol.com.br,seezZV,Female,2001-11-26,IT
746,Jakob McIlwrath,jmcilwrathkp@hostgator.com,eDUlbGBjULy,Male,1997-01-11,Staff
747,Rossy Reekie,rreekiekq@google.co.jp,e01JO6cWj,Agender,1998-01-14,Staff
748,Bonnibelle Skamell,bskamellkr@smh.com.au,y16WBR0xPl,Female,2002-04-16,Faculty
749,Barclay Harmer,bharmerks@nature.com,nP8Jk1UZv,Male,2008-06-10,Staff
750,Andy Frankland,afranklandkt@virginia.edu,oUrTSnSaboXL,Male,1989-10-12,Staff
751,Archibaldo Jotham,ajothamku@ovh.net,RzvavY1lEi8,Male,2000-06-13,Staff
752,Cecilio Chestnutt,cchestnuttkv@cisco.com,GM2ldH1xye,Male,1987-11-14,Staff
753,Ly Ernke,lernkekw@google.com.hk,6Fzcx3N,Male,1996-03-05,IT
754,Billy Rummin,brumminkx@home.pl,6HW60b,Female,1997-03-04,IT
755,Elisha McKeever,emckeeverky@nasa.gov,izdhG9c,Female,1991-03-21,Staff
756,Luther McClinton,lmcclintonkz@phoca.cz,aN0bLuR1,Male,1986-12-27,IT
757,Von Cod,vcodl0@blinklist.com,FPznr1,Male,2000-10-17,Staff
758,Skipton Czaple,sczaplel1@wired.com,DpeSgh80,Male,1980-08-15,IT
759,Denney McCathy,dmccathyl2@cbslocal.com,HbXvRR,Agender,2003-09-17,Staff
760,Garvey Calderbank,gcalderbankl3@examiner.com,ZkfPS2,Male,2006-07-18,Staff
761,Diane-marie Hodges,dhodgesl4@disqus.com,dqdX58Hy8,Female,2004-02-01,Staff
762,Page Sanderson,psandersonl5@ocn.ne.jp,fwprVuLb56QO,Male,2009-09-15,Staff
763,Kirby Alliban,kallibanl6@xinhuanet.com,9WZzcYkZn2e,Male,1996-03-23,Staff
764,Gustavo Kmieciak,gkmieciakl7@gmpg.org,vu4JuArQ9,Genderqueer,1991-04-10,IT
765,Arlena Adamsen,aadamsenl8@hostgator.com,iZJnvSF9z,Female,1989-04-19,IT
766,Aldo Boxall,aboxalll9@boston.com,Ed9i3QO8T,Male,1996-06-25,IT
767,Ricca Venton,rventonla@mapy.cz,4eVRmn,Female,1982-07-14,Staff
768,Diane-marie Braisby,dbraisbylb@buzzfeed.com,qyQ1bp8,Female,2007-02-21,Staff
769,Sharron Ivancevic,sivanceviclc@narod.ru,a1H2f3Jx,Female,1987-02-27,Staff
770,Ernst Roelvink,eroelvinkld@mtv.com,OqYYkl9,Male,1996-05-26,Staff
771,Kaine Matuszkiewicz,kmatuszkiewiczle@opensource.org,Ywm8h6,Male,1985-08-10,IT
772,Holli O'Cosgra,hocosgralf@phoca.cz,eT6YKXJ1,Female,1985-04-06,IT
773,Henri De la croix,hdelg@ca.gov,iRJ2FkQjpzx,Male,1983-02-28,Staff
774,Aeriela Hazley,ahazleylh@free.fr,v5K4nl,Female,2008-08-29,IT
775,Pepito Dallmann,pdallmannli@tiny.cc,tWqW40K,Male,1983-11-03,Staff
776,Jemie Tomkins,jtomkinslj@ibm.com,aIMCF57yb5,Female,2004-10-09,IT
777,Morgen Curgenven,mcurgenvenlk@deviantart.com,x9hhBtt,Male,1986-09-15,Staff
778,Bettina Jacox,bjacoxll@amazonaws.com,kiG9Qz,Female,2006-12-03,Faculty
779,Lizzie Gudeman,lgudemanlm@yelp.com,D7leGGWP,Female,2008-10-29,Faculty
780,Kamila Blincow,kblincowln@issuu.com,2Q0dVN9,Female,2005-12-17,IT
781,Ancell Musgrave,amusgravelo@princeton.edu,qq77Wfg5,Male,2008-12-22,Student
782,Kirstyn Nodes,knodeslp@army.mil,KEJjm3R,Female,1981-10-03,Professor
783,Odetta Bickerstaffe,obickerstaffelq@macromedia.com,QAKV4t,Genderfluid,2001-11-16,IT
784,Melinde Eul,meullr@surveymonkey.com,06kuHHjiiI,Female,1995-10-01,Faculty
785,Thurston Rozycki,trozyckils@shinystat.com,DSew0F,Male,2006-10-10,Staff
786,Broddy Enoksson,benokssonlt@123-reg.co.uk,kEOv3my2s1,Male,1987-03-23,Staff
787,Jarrad Jerger,jjergerlu@slate.com,RXpq8D,Genderfluid,1986-08-08,Staff
788,Madelon Gunton,mguntonlv@i2i.jp,6q2l4A4wCf,Female,2006-09-15,Staff
789,Terrence Lammenga,tlammengalw@nytimes.com,WwJyVxynxLu,Male,1983-06-02,IT
790,Gwenore Di Biagio,gdilx@cafepress.com,qz5VRW4qnh,Female,2008-11-07,Student
791,Torry Seth,tsethly@altervista.org,jRP2MbQpR,Male,2009-04-18,Staff
792,Yancey Rabbatts,yrabbattslz@slashdot.org,7f1sVxxs,Non-binary,1990-10-04,Staff
793,Dagmar Olifard,dolifardm0@npr.org,Na9jdx,Female,1985-01-01,Staff
794,Pattie Paradyce,pparadycem1@washingtonpost.com,NcE5LDDI7q,Female,1982-12-18,Professor
795,Kathryn Jurries,kjurriesm2@liveinternet.ru,C0heQX,Genderqueer,1997-02-21,Student
796,Melli Howick,mhowickm3@unc.edu,nOpVsKG8GeN,Female,1983-06-28,IT
797,Lolita Deegan,ldeeganm4@ow.ly,2J82lGGqBE,Female,1998-04-08,Staff
798,Dulcie Lyngsted,dlyngstedm5@cmu.edu,RYxhIC0Gn,Female,2002-05-13,Professor
799,Ashleigh Andreu,aandreum6@opensource.org,O2MYXfr,Female,2002-01-05,Staff
800,Cindie Grinval,cgrinvalm7@spotify.com,8gYddNTXw2,Female,2001-02-15,Staff
801,Ferd Pask,fpaskm8@istockphoto.com,3zILGw,Genderqueer,1984-03-30,Professor
802,Bride Adamiec,badamiecm9@lulu.com,Cro3an7U,Female,1988-01-09,Staff
803,Claudell Barniss,cbarnissma@mac.com,6NVj1g9is,Genderqueer,1985-12-13,IT
804,Sara-ann Banford,sbanfordmb@ameblo.jp,bIqhYLBloagr,Female,1995-02-27,Staff
805,Ogden Dyble,odyblemc@dion.ne.jp,6zKBTtm,Male,1993-03-03,IT
806,Sawyer Woollaston,swoollastonmd@e-recht24.de,HC2Vlp,Male,2009-11-03,Staff
807,Ebony Curtis,ecurtisme@mapy.cz,pFpiPA0UopPR,Female,1994-11-02,Staff
808,Lauri Gert,lgertmf@imageshack.us,5A09mhi,Female,2006-02-01,Staff
809,Garrott Velez,gvelezmg@ihg.com,dfSKY2u9d,Male,1981-09-05,Staff
810,Hyatt Stainton,hstaintonmh@people.com.cn,9E3EVK4fvexn,Male,2004-08-14,Staff
811,Eugenius Pursehouse,epursehousemi@angelfire.com,W17MjuI,Male,1988-04-22,Professor
812,Kippar Jakubovits,kjakubovitsmj@geocities.jp,JfcBYhU1QIY,Male,1992-12-19,IT
813,Tyrone Frere,tfreremk@meetup.com,rCWOcBpbsco,Male,1994-01-11,Faculty
814,Janeva McGrayle,jmcgrayleml@hexun.com,02fb3J,Female,1983-03-23,Professor
815,Minta Fuxman,mfuxmanmm@drupal.org,kB1SvcvF1,Female,2001-07-07,IT
816,Darrin Davey,ddaveymn@tripod.com,zaF6fRO8,Male,1987-09-23,Staff
817,Nona Lampel,nlampelmo@go.com,iOxBRJI09xw4,Female,2008-10-15,IT
818,Twila Branno,tbrannomp@google.cn,3nb1eOzaLs,Female,2007-06-02,Staff
819,Farley Pellamont,fpellamontmq@slate.com,4RdgKf9E,Male,1995-11-22,IT
820,Pansie Balnave,pbalnavemr@yelp.com,H3nH4i,Female,2006-03-24,IT
821,Udell Harlin,uharlinms@home.pl,Ri2J2mIRG,Male,1987-10-10,Staff
822,Aurelea Cain,acainmt@hugedomains.com,9rRjKhzd,Female,1992-01-31,IT
823,Ramon Easseby,reassebymu@vinaora.com,VKzjBq,Genderfluid,2007-04-30,Staff
824,Cordelia Loxley,cloxleymv@naver.com,mwDv3bhoAa5Q,Female,2007-10-27,IT
825,Fayette Tregido,ftregidomw@usgs.gov,DVNT6WSfl0G,Polygender,2004-02-26,Professor
826,Jodie Viner,jvinermx@nasa.gov,uU4El5ESd,Female,1996-03-11,Professor
827,Walther Hartnup,whartnupmy@fotki.com,ZTrUH0qZd3,Male,2000-04-02,Staff
828,Sarajane Fairnington,sfairningtonmz@pen.io,kczYQZ8h,Female,1998-07-20,Staff
829,Shermy Frankcombe,sfrankcomben0@stanford.edu,BWYuCQ0,Male,1985-12-03,Faculty
830,Clovis Bastide,cbastiden1@tripod.com,uWWbjd4bDDQ,Non-binary,2005-11-25,IT
831,La verne Buy,lvernen2@qq.com,9QKBKkFDkRoI,Female,1986-04-16,IT
832,Shanon Wickersley,swickersleyn3@elegantthemes.com,xFnW3y,Female,1981-04-10,IT
833,Alic Sawell,asawelln4@xinhuanet.com,Yevrb7yXsw,Male,2001-01-11,Staff
834,Aube Spellworth,aspellworthn5@indiegogo.com,LI3X60SFczU5,Male,1990-11-25,Staff
835,Marigold Delany,mdelanyn6@mlb.com,66XAKxJoND,Agender,1999-01-27,Professor
836,Ashlin Kipping,akippingn7@google.co.jp,H6xOWXWe,Male,1983-03-09,IT
837,Crissy Shawley,cshawleyn8@archive.org,8HlYD1,Female,1982-08-24,IT
838,Wesley Carlozzi,wcarlozzin9@1und1.de,psxTVhXb,Male,2008-12-24,Faculty
839,Juliet Pierro,jpierrona@homestead.com,ZDJ4x4R4AI,Female,2009-12-05,IT
840,Jase O' Mullane,jonb@typepad.com,iF9Z6pjwr5,Male,2005-05-09,Staff
841,Rogers Arkill,rarkillnc@symantec.com,hKXlaMSc7,Male,2001-01-11,IT
842,Brandea Cowterd,bcowterdnd@marriott.com,KuhXNJVwM,Female,2009-09-12,IT
843,Samara Ambroix,sambroixne@addtoany.com,fUbmRYmEU,Female,1985-07-06,Professor
844,Winfield Trusler,wtruslernf@about.com,fGYlR2ncO,Genderfluid,1988-12-19,Professor
845,Dasi Campo,dcampong@exblog.jp,cVEs3XXJbq,Female,1983-02-19,IT
846,Alexia Livock,alivocknh@blog.com,xCXpjr2qPkJx,Female,1984-02-28,IT
847,Cissiee Childerley,cchilderleyni@delicious.com,93CrbRSM,Female,1986-12-18,Faculty
848,Almeta Tant,atantnj@ibm.com,hV9w7yFoR,Polygender,1983-01-26,IT
849,Sutton Woodus,swoodusnk@merriam-webster.com,hinBg0,Male,1986-09-28,Student
850,Maxi Shenfisch,mshenfischnl@typepad.com,1H1jCekQzoA,Female,1983-04-07,Professor
851,Ginger Cristol,gcristolnm@fotki.com,rnADeFGCo,Male,1989-08-08,Professor
852,Brandy Dawnay,bdawnaynn@slideshare.net,zM7pEqOX,Female,1981-10-05,Professor
853,Kendra Humberston,khumberstonno@theglobeandmail.com,3joOgVV,Female,1982-03-30,IT
854,Vinson Wisher,vwishernp@tumblr.com,dI0rRV2,Male,1986-04-29,Staff
855,Tarrance Stokes,tstokesnq@webnode.com,owKcfVT,Male,2003-03-10,Faculty
856,Bendix Pontain,bpontainnr@ovh.net,PIHmsAQju,Male,1993-08-23,Student
857,Lionello Morad,lmoradns@free.fr,mTqSPK7Wt,Male,2005-03-10,Staff
858,Piotr Ossenna,possennant@dion.ne.jp,2VFXcYAGc,Male,2009-09-16,Staff
859,Marsiella Saice,msaicenu@dailymail.co.uk,FBA2sj,Female,1998-01-05,IT
860,Sheree Tadman,stadmannv@indiatimes.com,IBjzX0ijuoUb,Agender,1988-01-03,IT
861,Esme Grosvener,egrosvenernw@bizjournals.com,vUzNWBY,Female,1997-09-12,Professor
862,Clementius Kleinhausen,ckleinhausennx@jiathis.com,9KZEAv,Male,1997-04-23,IT
863,Daniele Thorp,dthorpny@free.fr,tPs2V1,Female,1990-02-03,Staff
864,Traver Sedgmond,tsedgmondnz@abc.net.au,hW6wdxw,Male,1995-04-27,IT
865,Jo Silverwood,jsilverwoodo0@bravesites.com,kdNN9N3Sesa,Female,1983-11-12,IT
866,Mindy Grantham,mgranthamo1@wordpress.org,weJkac,Female,1989-10-08,Student
867,Wileen Schachter,wschachtero2@goodreads.com,M6x7bNpEkp,Polygender,1990-12-18,Professor
868,Stacee Sutter,ssuttero3@hao123.com,DTOJEX,Male,1980-06-04,IT
869,Modestia Prestie,mprestieo4@marriott.com,0CitztLJ,Female,2002-09-30,Professor
870,Jacintha Prudham,jprudhamo5@nydailynews.com,jJ4mauKR740,Female,1997-12-10,IT
871,Madge Grassett,mgrassetto6@wikipedia.org,L5xFBt,Female,2007-05-31,Staff
872,Raimondo Fenix,rfenixo7@unicef.org,aKH4C9qRR,Male,1988-09-21,IT
873,Ody Marusyak,omarusyako8@tamu.edu,4s61cbJ,Male,2001-09-13,Staff
874,Ivan Vallis,ivalliso9@goodreads.com,GBN2Rkik,Polygender,1993-08-12,IT
875,Vally McGorley,vmcgorleyoa@forbes.com,PSj38aCG64XK,Female,1991-03-18,Professor
876,Grady Lanphier,glanphierob@cbsnews.com,aA8LRZ9,Male,2002-12-07,Staff
877,Cornelia Toping,ctopingoc@comsenz.com,Yqy4PXxy4c9H,Female,1996-01-13,Staff
878,Rhonda Dikels,rdikelsod@topsy.com,nvtqzYaaVCj,Female,1984-09-28,Staff
879,Garwin Brosh,gbroshoe@ftc.gov,eFxbpbD,Male,1981-01-25,Professor
880,Roley Le Merchant,rleof@about.me,tc8aV0,Male,2009-03-02,Professor
881,Denny Llewhellin,dllewhellinog@booking.com,BEkF3OXohz,Female,1984-08-13,Student
882,Claudelle Staniforth,cstaniforthoh@cbslocal.com,GG2CBh,Female,1994-05-16,Staff
883,Rachele Brereton,rbreretonoi@tiny.cc,eNWubySp,Female,1996-02-09,IT
884,Conway Aberdein,caberdeinoj@myspace.com,kjfCNc3wPo,Male,2000-10-20,Professor
885,Nero Fulep,nfulepok@dion.ne.jp,OhVSVz,Male,2000-03-24,IT
886,Cicily Dahler,cdahlerol@multiply.com,vWh6EiIBL,Female,2001-06-07,Professor
887,Maxy Attac,mattacom@bravesites.com,EU1ApR02pXgx,Male,1994-12-10,Staff
888,Horst Westgarth,hwestgarthon@example.com,anY8s9FvEYs,Male,2006-04-16,Staff
889,Oona Murden,omurdenoo@squarespace.com,K9XyeDFOvJGn,Female,1995-01-01,Professor
890,Craggie Cristofari,ccristofariop@youtu.be,bDb5U9q,Male,2005-04-02,Staff
891,Theodore Cesco,tcescooq@sbwire.com,udUKgd8clTj,Male,1997-09-29,Staff
892,Em Craister,ecraisteror@pbs.org,WkXxsSNv,Male,1993-04-30,Staff
893,Yuri Braitling,ybraitlingos@forbes.com,pa494vZHbm65,Male,2010-03-13,Staff
894,Jami Saville,jsavilleot@arstechnica.com,AbhrFF76g,Female,2009-12-02,Faculty
895,Jacquetta Furphy,jfurphyou@spotify.com,xGKkwAo,Female,1999-10-10,Staff
896,Joelly Castelin,jcastelinov@theatlantic.com,LW2N7uGXL,Female,2007-01-03,Staff
897,Clyde Bariball,cbariballow@prlog.org,g7OZi1qrZb,Male,2006-01-20,IT
898,Meara Rubinovitsch,mrubinovitschox@woothemes.com,3JbgdmClwAhV,Female,1991-06-07,Staff
899,Jehu Loch,jlochoy@usgs.gov,WKG9ZM,Male,1999-02-25,Staff
900,Creight Bagott,cbagottoz@topsy.com,9I8bXhalZlyS,Male,2009-11-15,Professor
901,Charita Skyme,cskymep0@cmu.edu,rCROTopsA,Genderqueer,1987-01-24,Staff
902,Krissy Zukerman,kzukermanp1@merriam-webster.com,93XGdGf6,Female,2005-07-23,Staff
903,Hans Jeandot,hjeandotp2@apache.org,EfGUqqLrmQM,Male,1998-02-08,Staff
904,Philbert Muirhead,pmuirheadp3@twitpic.com,HG1EsrK,Male,1991-05-15,Staff
905,Zorana Kolis,zkolisp4@huffingtonpost.com,oi05aLf,Female,1989-01-05,Staff
906,Lawton Javes,ljavesp5@cisco.com,VkfcGvh8PEJ,Male,1994-08-17,Faculty
907,Alene Jaouen,ajaouenp6@furl.net,YukrFqY,Female,2001-03-28,Staff
908,Teodora McBeath,tmcbeathp7@cargocollective.com,SDbOPM2V,Female,1989-01-10,IT
909,Willi Wakelam,wwakelamp8@ifeng.com,FKg76PGGi,Male,1994-09-23,Professor
910,Tam Giovannini,tgiovanninip9@blogtalkradio.com,isNN6kqk9t6,Male,1981-06-13,Student
911,Miles Busen,mbusenpa@creativecommons.org,18BgbO,Male,1999-05-22,Professor
912,Ardyce Reinger,areingerpb@issuu.com,PdkoYdGj,Female,1996-07-30,Staff
913,Thorndike Bottle,tbottlepc@sbwire.com,WAxnNDtHiKv,Male,1993-01-23,Staff
914,Tymon Lemoir,tlemoirpd@vkontakte.ru,a2VCH4fW,Male,2000-10-05,IT
915,Nicolina Cremer,ncremerpe@globo.com,3OkKGbfWJR,Female,2001-03-19,Staff
916,Roderich Boddice,rboddicepf@ocn.ne.jp,rOyy9KBdZK,Male,1988-09-18,Student
917,Rudyard Marlor,rmarlorpg@usgs.gov,txF7ag,Male,1997-07-18,Staff
918,Elbert Jovovic,ejovovicph@census.gov,slp2iA,Male,2002-05-13,Staff
919,Marillin Yven,myvenpi@miibeian.gov.cn,IGv2to,Female,1991-04-29,Staff
920,Dorri MacConnell,dmacconnellpj@wix.com,TROBgt,Female,1986-08-16,Professor
921,Burton Kalinovich,bkalinovichpk@comcast.net,sS0Xqgg,Male,1990-02-10,Student
922,Cyb Butterfill,cbutterfillpl@godaddy.com,tL8k8j,Female,1998-05-09,Professor
923,Shep Mayoh,smayohpm@msn.com,MBGwze,Male,2005-05-15,Staff
924,Reilly Fidele,rfidelepn@istockphoto.com,gkihtxr,Male,1981-01-27,Faculty
925,Any Skace,askacepo@un.org,qpVqO0J,Male,1999-03-13,Professor
926,Abba Berrington,aberringtonpp@hostgator.com,dsgGmdIHEoI,Non-binary,2006-07-06,Staff
927,Rufus Stailey,rstaileypq@sfgate.com,0hiLaW2,Male,1996-07-23,Staff
928,Lisabeth Kingswood,lkingswoodpr@flickr.com,ZAIlW6Z6Xfw,Female,2004-07-02,Professor
929,Nicol McGinn,nmcginnps@tumblr.com,SJd11W,Polygender,2005-06-30,Professor
930,Jake Kempshall,jkempshallpt@addtoany.com,DiHdMu,Male,1990-05-22,Staff
931,Natalee McConnell,nmcconnellpu@pen.io,KUS174M,Female,2006-03-25,Staff
932,Deloris Vevers,dveverspv@gov.uk,zutScpCz,Female,1995-01-14,Professor
933,Paquito Lougheid,plougheidpw@europa.eu,JKHx4PDwh,Male,2006-03-15,IT
934,Gallagher McEnteggart,gmcenteggartpx@who.int,6mZpZp7,Male,1988-09-08,IT
935,Benn Hopewell,bhopewellpy@4shared.com,SmPZsSluBPn0,Male,1997-07-31,IT
936,Alys Dalziel,adalzielpz@un.org,PneQV7H,Female,1980-11-02,IT
937,Bernhard Hatchman,bhatchmanq0@linkedin.com,g5B0Bc482c,Male,2007-11-05,IT
938,Ebony Lumly,elumlyq1@twitpic.com,hixsaZq,Female,1991-09-30,Staff
939,Vergil Gentle,vgentleq2@stanford.edu,wBn4oo,Male,1995-01-16,Student
940,Linn Sarge,lsargeq3@auda.org.au,9r06LOZDdm,Female,1984-07-02,Staff
941,Sherlock Stormouth,sstormouthq4@apple.com,3yXAIjJoS,Bigender,1982-08-09,Student
942,Titus Kemell,tkemellq5@github.io,VmkPDjAje,Male,2006-09-29,Staff
943,Aristotle Oram,aoramq6@redcross.org,H9EW5gt,Male,1988-03-14,Student
944,Prudy Restill,prestillq7@businessweek.com,BSWi4kWvN7,Female,2005-12-04,IT
945,Annabal Geraudy,ageraudyq8@clickbank.net,mJK0mTPNf,Female,1985-05-16,IT
946,Herminia Reinger,hreingerq9@fda.gov,skLzcZ570,Female,2001-07-10,IT
947,Ester Hugenin,ehugeninqa@google.es,BYvy5oBw,Polygender,1984-03-06,Staff
948,Luther Wingate,lwingateqb@google.co.jp,vhS8RMR,Male,1985-12-02,Professor
949,Leigh Licas,llicasqc@technorati.com,KS9wWPfS,Bigender,2006-12-26,Professor
950,Jeanne Bedding,jbeddingqd@webnode.com,zAdxsM2ScgY,Genderfluid,1986-03-15,Staff
951,Rogerio Serrier,rserrierqe@msn.com,52NeFjRG8J,Polygender,1996-08-26,Staff
952,Franzen Heine,fheineqf@php.net,XcUJCH,Male,2004-03-30,Staff
953,Mildrid Kille,mkilleqg@forbes.com,RFMFGET,Genderfluid,1998-02-05,Staff
954,Gerry Gasgarth,ggasgarthqh@surveymonkey.com,9Tfniz,Non-binary,2002-11-15,Staff
955,Brig Swainson,bswainsonqi@newyorker.com,wJLVYnZLl,Male,1999-01-26,IT
956,Guthrie Very,gveryqj@baidu.com,zbYzsG,Male,1982-02-06,Professor
957,Kary Skoate,kskoateqk@digg.com,6CE4a4jy5,Agender,1988-10-10,Professor
958,Devora Collar,dcollarql@i2i.jp,ylBWJqw,Female,2002-04-10,Staff
959,Jacqueline Bims,jbimsqm@ihg.com,Wmwi9W2c1Gv4,Female,1981-02-25,Staff
960,Brandyn Addis,baddisqn@guardian.co.uk,G6UPN3aP,Male,1991-03-01,Staff
961,Margo Shelly,mshellyqo@biglobe.ne.jp,w1KYswI3bo,Female,1986-02-19,Staff
962,Emanuele Stivers,estiversqp@photobucket.com,sh8J97dDU,Male,2002-02-08,Professor
963,Wiatt Hollingshead,whollingsheadqq@gizmodo.com,5GVYNvALcJxR,Male,2009-02-13,Staff
964,Elsbeth Skeggs,eskeggsqr@yellowbook.com,oMXBnJrL4p,Female,1991-01-28,Staff
965,Camilla Spain,cspainqs@hugedomains.com,SxsNPqaaM,Female,1992-01-15,Staff
966,Reggie Dellit,rdellitqt@scientificamerican.com,qhJZBY0T,Bigender,1988-12-20,Staff
967,Penrod Vercruysse,pvercruyssequ@flavors.me,loP7o6,Genderfluid,2001-01-15,Student
968,Hansiain Toffano,htoffanoqv@ezinearticles.com,dEDyed4OX,Male,1992-12-11,Staff
969,Ram Gianuzzi,rgianuzziqw@oakley.com,zR4p9nZfWw,Male,2005-05-25,Professor
970,Welch Middleditch,wmiddleditchqx@about.me,9pgDCnhf0HG,Male,1996-10-07,Professor
971,Evelin Rhodes,erhodesqy@dedecms.com,Xd9O5lXq,Polygender,2004-07-12,Staff
972,Orbadiah Kornyshev,okornyshevqz@elpais.com,oLszA0BvnK,Male,1999-09-15,Staff
973,Lee Fenny,lfennyr0@ycombinator.com,ZMs0Sg1V,Male,1991-08-01,Professor
974,Dannel Rammell,drammellr1@google.com.hk,hxftE0mvR,Genderfluid,1993-03-05,Staff
975,Mamie Jerzyk,mjerzykr2@nih.gov,mHmupa,Female,2007-04-25,Student
976,Tedmund Tett,ttettr3@ow.ly,g56pwH7TgQ,Male,1994-04-11,Staff
977,Dolorita Chaimson,dchaimsonr4@blinklist.com,10nzSLPI8v,Female,2000-09-01,Faculty
978,Dillon Mole,dmoler5@canalblog.com,FyJZWxi,Male,1997-08-16,Staff
979,Barny Sweeny,bsweenyr6@ycombinator.com,EAhpFUT4uwi7,Male,1982-05-10,IT
980,Cherish Buttrick,cbuttrickr7@dropbox.com,ekPLfZPCM3X,Female,1996-04-27,Staff
981,Addy Oakhill,aoakhillr8@google.it,cEl0DPLLkhOO,Female,1994-07-21,Faculty
982,Frederico Dodds,fdoddsr9@cnet.com,b2pljpf,Non-binary,1994-09-16,IT
983,Charlotte Hollindale,chollindalera@paypal.com,iGiHfpCVF50,Bigender,2002-08-05,Staff
984,Drusi Pottinger,dpottingerrb@friendfeed.com,58WVUcCOg,Female,1994-07-23,Staff
985,Betteanne Wadman,bwadmanrc@dagondesign.com,cahFxB,Female,2004-03-20,Staff
986,Petronia Allone,pallonerd@census.gov,MORdka,Genderfluid,1994-03-10,Staff
987,Ludvig Kenlin,lkenlinre@woothemes.com,EZLcok,Male,1992-07-15,Staff
988,Doralynn Sirrell,dsirrellrf@army.mil,kOdJ1zGif9NT,Female,1992-04-16,IT
989,Amery O'Lagen,aolagenrg@unicef.org,jUxC6gChUDS,Non-binary,2004-12-24,Faculty
990,Virgie Vince,vvincerh@youtube.com,X7u7YfwENre6,Female,1992-03-10,Staff
991,Randell Petera,rpeterari@delicious.com,ld4v50E,Male,1982-03-09,Staff
992,Bradford Paradyce,bparadycerj@moonfruit.com,RvjNMinuRd1,Male,2008-08-22,Staff
993,Saul O'Hoey,sohoeyrk@webmd.com,KLr4un,Male,1981-03-02,Professor
994,Quentin Ethelstone,qethelstonerl@harvard.edu,76sJk3mn,Female,1999-04-16,Staff
995,Corene Mahmood,cmahmoodrm@g.co,vfHRvibX1GH,Female,1989-08-20,Staff
996,Witty Follitt,wfollittrn@over-blog.com,p9r2z0U,Male,1993-03-29,Staff
997,Percy Langhorne,planghornero@mail.ru,15Mz3O,Male,1986-03-16,Staff
998,Cherida Wraighte,cwraighterp@google.cn,JYMnbIX3k9Xp,Female,1983-11-16,Professor
999,Remy Hamley,rhamleyrq@desdev.cn,swUqio,Female,2008-04-23,Faculty
1000,Ado Stockley,astockleyrr@washingtonpost.com,j1As22TtOt,Male,2001-03-12,Staff
